Media,BT_Score,Std_Error,Rating
Things never before discussed: Doubts,297.08,0.3431,11
Childhood: Mental health,272.39,0.3431,11
Things never before discussed: Feelings,265.35,0.3431,11
Fears: Misunderstanding,262.04,0.3431,11
Things never before discussed: Hurts,253.62,0.3431,11
Love: Funny things,246.43,0.3431,11
Errors: Paradoxical beneficiality,245.02,0.3431,11
Things never before discussed: Knowledge,242.36,0.3431,11
The present instant,234.63,0.3431,11
Observations: Motives,234.52,0.3431,11
Things never before discussed: Crises,226.02,0.3431,10
Funny experiences: Absurd,215.3,0.3431,10
Language: Precision and ambiguity,212.24,0.3431,10
Predictions and guesses: Psychology,210.92,0.3431,10
Funny experiences: Revelatory,209.55,0.3431,10
Things never before discussed: Mysteries,204.42,0.3431,10
Fears: Ecological havoc,203.67,0.3431,10
Finest moments: Self-insight,201.46,0.3431,10
Things never before discussed: Fears,201.37,0.3431,10
Beliefs: Contradictions,200.39,0.3431,10
Things never before discussed: Wishes,199.51,0.3431,9
Things never before discussed: Wants,198.69,0.3431,9
Things never before discussed: Irrationalities,197.93,0.3431,9
Values,197.8,0.3431,9
Funny experiences: Tragicomic,197.67,0.3431,9
Predictions and guesses: Invention,197.65,0.3431,9
Love: Psychology,197.3,0.3431,9
Fears: Injustice,197.17,0.3431,9
Dreams: Feelings,196.35,0.3431,9
Worries: Self-ignorance,195.27,0.3431,9
Fears: Meaninglessness,195.15,0.3431,9
Funny experiences: Friends,194.37,0.3431,9
Things never before discussed: Purposes,192.64,0.3431,9
Language: Interpretations,192.6,0.3431,9
Funny experiences: Pets,190.44,0.3431,9
Funny experiences: Unique,190.04,0.3431,9
Funny experiences: Eating,189.02,0.3431,9
Funny experiences: Personal,187.37,0.3431,9
Films: Psychology,186.22,0.3431,9
Things never before discussed: Differences,185.34,0.3431,9
Language: Own,184.84,0.3431,8
Language: Onomatopoeia,184.82,0.3431,8
Funny experiences: Enigmatic,183.07,0.3431,8
Things never before discussed: Motives,181.59,0.3431,8
Childhood: Stories,181.4,0.3431,8
Language: Shibboleths,181.15,0.3431,8
Changes: Self,180.71,0.3431,8
Beliefs: Rational vs intuitive,180.13,0.3431,8
Language: Ghost words,179.73,0.3431,8
Things never before discussed: Failures,179.54,0.3431,8
Things never before discussed: Goals,177.45,0.3431,8
Changes: Attitudes,177.38,0.3431,8
Motivations,176.97,0.3431,8
Things never before discussed: Values,176.51,0.3431,8
Things never before discussed: Vices,176.19,0.3431,8
Love: Future,176.1,0.3431,8
Language: Contexts,175.73,0.3431,8
Language: Dialects,174.78,0.3431,8
Things never before discussed: Virtues,173.71,0.3431,8
Language: Hidden meanings,173.47,0.3431,8
Worries: Ecology,173.16,0.3431,7
Fears: Obsolescence of knowledge or skills,173.11,0.3431,7
Things never before discussed: Thoughts,172.1,0.3431,7
Observations: Correlations,171.98,0.3431,7
Childhood: Games and play,171.94,0.3431,7
Dreams: Present,171.87,0.3431,7
Finest moments: Cooperation,171.5,0.3431,7
Errors: Universal and rare,171.12,0.3431,7
Observations: Processes,170.92,0.3431,7
Things never before discussed: Errors,170.89,0.3431,7
Fears: Stagnation or retrogression,170.57,0.3431,7
Finest moments: Shared,170.43,0.3431,7
Childhood: Influences,170.36,0.3431,7
Fears: Conscious and unconscious,169.77,0.3431,7
Errors: Interconnected,169.28,0.3431,7
Things never before discussed,167.28,0.3431,7
Fears: Loneliness,167.24,0.3431,7
Love: Touchstones,166.58,0.3431,7
Fears: Death,166.42,0.3431,7
Books: Self-written diary or other,166.33,0.3431,7
Errors: Imagining possibilities,166.12,0.3431,6
Errors: Laughable and catastrophic,166.04,0.3431,6
Childhood: Dreams,165.97,0.3431,6
Observations: Mechanisms,165.06,0.3431,6
Things never before discussed: Loves,165.0,0.3431,6
Fears: Rejection,164.87,0.3431,6
Worries: Connections,163.67,0.3431,6
Love: Dynamics,163.27,0.3431,6
Books: Importance to self,162.95,0.3431,6
Predictions and guesses: Interrelations,161.99,0.3431,6
Love: Stages,161.03,0.3431,6
Love: In the arts,160.38,0.3431,6
Predictions and guesses: Probability,160.16,0.3431,6
Funny experiences: Childhood,160.1,0.3431,6
Beliefs: Secret,158.76,0.3431,6
Things never before discussed: Whimsies,157.99,0.3431,6
Beliefs: Artistic or aesthetic,154.96,0.3431,6
Dreams: Experiments,154.34,0.3431,6
Observations: Society,154.2,0.3431,6
Funny experiences: Improbable,152.04,0.3431,5
Observations: Sensa,151.84,0.3431,5
Love: Questions,151.38,0.3431,5
Things never before discussed: Attitudes,151.32,0.3431,5
Fears: Divine justice or caprice,151.24,0.3431,5
Dreams: Everyone's,150.44,0.3431,5
Fears: Quieting or mastering,150.42,0.3431,5
Language: Motivations,150.06,0.3431,5
Discoveries,148.42,0.3431,5
Observations: Causes and influences,148.29,0.3431,5
Things never before discussed: Weaknesses,148.18,0.3431,5
Fears: Scientific or technological hubris,147.9,0.3431,5
Love: Doubts and suspicions,147.75,0.3431,5
Things never before discussed: Needs,147.65,0.3431,5
Moral matters,147.44,0.3431,5
What is important,147.35,0.3431,5
Errors: Creativity,147.29,0.3431,5
Love: Needs,147.28,0.3431,5
Beliefs: Self-questionable,147.15,0.3431,5
Funny experiences: Travel,147.12,0.3431,5
Fears: Own,147.01,0.3431,5
Changes: Motivations,146.72,0.3431,5
Books: Life works,146.71,0.3431,5
Things never before discussed: Guilt,146.68,0.3431,5
Changes: World events,146.66,0.3431,5
Observations: Cooperation,145.41,0.3431,5
Language: Nature,145.37,0.3431,5
Observations: Patterns,144.94,0.3431,5
Dreams: Childhood,144.78,0.3431,5
Love: Fears,144.67,0.3431,5
Beliefs: Other person's,144.65,0.3431,5
Books: Raison d'etre,144.24,0.3431,5
Language: Favorite words,144.18,0.3431,5
Beauty: Scientific,144.17,0.3431,5
Things never before discussed: Secrets,144.06,0.3431,5
Language: Usages,143.88,0.3431,5
Observations: Analogies,143.85,0.3431,5
Predictions and guesses: Wisdom,143.29,0.3431,5
Predictions and guesses: Change,143.26,0.3431,5
Childhood: Thoughts and ideas,143.03,0.3431,5
Wisdom and prudence,142.65,0.3431,4
Childhood: Retrospective realizations,142.5,0.3431,4
Language: Experiments,142.14,0.3431,4
Mental associations,141.57,0.3431,4
Beliefs: Moral,141.5,0.3431,4
Worries: Life course,141.18,0.3431,4
Decisions,140.98,0.3431,4
Day's happenings: Pleasures,140.88,0.3431,4
Predictions and guesses: Fundamental,139.28,0.3431,4
Dreams: Thoughts,139.14,0.3431,4
Finest moments: Ever,138.42,0.3431,4
Childhood: Illusions,138.31,0.3431,4
Fears: Dystopian future,138.2,0.3431,4
Wonders,137.21,0.3431,4
Tastes: Literature,136.68,0.3431,4
Errors: Self-analysis,136.36,0.3431,4
Dreams: Importance,136.28,0.3431,4
Fears: Ananke,136.14,0.3431,4
Language: Computer language and programs,135.96,0.3431,4
Predictions and guesses: Reaction,135.35,0.3431,4
Observations: Qualities,135.2,0.3431,4
Language: Puns,135.1,0.3431,4
Observations: Moments,134.68,0.3431,4
Illusions,134.01,0.3431,4
Childhood: Triumphs,133.34,0.3431,4
Books: Lent or given,133.02,0.3431,4
Language: Psychology,133.01,0.3431,4
Personal news,132.79,0.3431,4
Finest moments: Imaginable,132.73,0.3431,4
Things never before discussed: Ideals,132.29,0.3431,4
Changes: Beliefs,132.27,0.3431,4
Fears: Ignorance,130.91,0.3431,4
Finest moments: Discovery,130.62,0.3431,4
Love: Starts,130.12,0.3431,4
Conflicts and disagreements: Feelings,129.65,0.3431,4
Observations: Interactions,129.42,0.3431,4
Love: Paradoxes,129.04,0.3431,4
Childhood: Reading,128.7,0.3431,4
Things never before discussed: Defects,128.67,0.3431,4
Love: Interest,128.51,0.3431,4
Dreams: Re: future,128.22,0.3431,4
Observations: Discrepancies,127.95,0.3431,4
Funny experiences: Nature,127.62,0.3431,4
Beliefs: Origins,127.61,0.3431,4
Language: Messages,127.04,0.3431,4
Love: After effects,127.04,0.3431,4
Funny experiences: Fantasied,126.91,0.3431,4
Childhood: Quirks,126.89,0.3431,4
Errors: Perception,126.71,0.3431,4
Worries: Misinformation,126.68,0.3431,4
Love: Types,125.76,0.3431,4
Funny experiences: Kids,125.76,0.3431,4
Fears: Forgetting,125.42,0.3431,4
Things never before discussed: Experiences,124.88,0.3431,4
Finest moments: Being helped,124.6,0.3431,4
Worries: Decisions,124.51,0.3431,4
Day's happenings: Realizations,124.47,0.3431,4
Childhood,124.36,0.3431,4
Worries: Others' intentions,124.28,0.3431,4
Childhood: Revelations,123.74,0.3431,4
Finest moments: Nature,123.73,0.3431,4
Dreams: Insights,123.69,0.3431,4
Finest moments: Travel,123.57,0.3431,4
Dreams: Family's,123.29,0.3431,4
Changes: Views,123.19,0.3431,4
Love: Wants,123.13,0.3431,4
Predictions and guesses: Value,123.05,0.3431,4
Childhood: Friends,123.01,0.3431,4
Reflections,122.96,0.3431,4
Beliefs: Methodological,122.92,0.3431,4
Observations: Behavior,122.82,0.3431,4
Predictions and guesses: Truth,122.68,0.3431,4
Finest moments: Helping,122.34,0.3431,4
Errors: Comforting or consoling,121.31,0.3431,4
Language: Writing,121.28,0.3431,4
Worries: Incompleteness,121.01,0.3431,4
Finest moments: Play,121.0,0.3431,4
Feelings,120.28,0.3431,4
Changes: Capacities,120.16,0.3431,4
Predictions and guesses: History,120.07,0.3431,3
Questions,120.01,0.3431,3
Tastes: Cinema,119.97,0.3431,3
Language: Misnomers,119.96,0.3431,3
Films: Recommended,119.91,0.3431,3
Fears: Exclusion,119.87,0.3431,3
Fears: Incompetence,119.75,0.3431,3
Day's happenings: Feelings,119.73,0.3431,3
Beliefs: Hypothetical,119.61,0.3431,3
Quotations: Conversations past,119.53,0.3431,3
Beliefs: Original vs derivative,119.5,0.3431,3
Childhood: Disappointments,119.48,0.3431,3
Beliefs: Assumptions,119.45,0.3431,3
Childhood: Experiments,119.43,0.3431,3
Observations: Opportunities,119.33,0.3431,3
Thoughts,119.32,0.3431,3
Love: Proofs of affection,118.7,0.3431,3
Childhood: Talents and skills,118.68,0.3431,3
Things never before discussed: Interests,118.64,0.3431,3
Childhood: Decisions,118.52,0.3431,3
Consolations,118.21,0.3431,3
Worries: Misunderstanding,118.15,0.3431,3
Love: Ideal lover,117.77,0.3431,3
Childhood: Feelings,117.76,0.3431,3
Funny experiences: Group,117.6,0.3431,3
Predictions and guesses: Discovery,117.41,0.3431,3
Books: Themes,116.97,0.3431,3
Observations: Children,116.96,0.3431,3
Finest moments: Ecstasy,116.77,0.3431,3
One's unhappiness and joys,116.67,0.3431,3
Observations: Diversity,116.44,0.3431,3
Fears: Unknowns,116.26,0.3431,3
Language: Loan words,116.04,0.3431,3
Worries: Society,115.9,0.3431,3
Beliefs: Firm or fundamental,115.89,0.3431,3
Changes: Organization of life,115.88,0.3431,3
Fears: Manipulation,115.86,0.3431,3
Beauty: Musical,115.86,0.3431,3
Predictions and guesses: Phenomena,115.8,0.3431,3
Childhood: Funny things,115.66,0.3431,3
Beauty: In nature,115.49,0.3431,3
Predictions and guesses: Divergence,115.3,0.3431,3
Worries: Deception,115.08,0.3431,3
Books: Meanings,115.01,0.3431,3
Day's happenings: Discoveries,115.0,0.3431,3
Fears: Economic depression,114.82,0.3431,3
Childhood: Upbringing,114.65,0.3431,3
Childhood: Pets,114.5,0.3431,3
Childhood: Own personality,114.14,0.3431,3
Beliefs: Logic,113.96,0.3431,3
Language: Unusual words,113.87,0.3431,3
Love: Suggestions and advice,113.53,0.3431,3
Truth and falsehood,113.44,0.3431,3
Meanings,113.24,0.3431,3
Fears: Irrelevance,113.11,0.3431,3
Errors: Innovating,113.04,0.3431,3
Beliefs: New,113.02,0.3431,3
Observations: Mores or habits,112.91,0.3431,3
Fears: Revolutionary change,112.21,0.3431,3
Language: Own coinages,112.13,0.3431,3
Day's happenings: Humor,112.12,0.3431,3
Errors: Estimating,111.97,0.3431,3
Day's happenings: Encounters,111.64,0.3431,3
Fears: Humiliation,111.56,0.3431,3
Love: Stories,111.52,0.3431,3
Finest moments: Thoughts,111.22,0.3431,3
Tastes: Morals,110.99,0.3431,3
Funny experiences: Cooking,110.93,0.3431,3
Films: Message,110.72,0.3431,3
Changes: Ideas,109.62,0.3431,3
Observations: Deceptions,109.59,0.3431,3
Predictions and guesses: Behavior,109.18,0.3431,3
Fears: Normlessness,109.13,0.3431,3
Errors: Motivating,108.79,0.3431,3
Fears: Legitimacy and illegitimacy,108.64,0.3431,3
Funny experiences: Challenging,108.45,0.3431,3
Worries: Present,108.38,0.3431,3
Predictions and guesses: Meaning,107.85,0.3431,3
Language: Irregularities,107.82,0.3431,3
Funny experiences: Driving,107.77,0.3431,3
Predictions and guesses: Mechanism,107.39,0.3431,3
Predictions and guesses: Origin,107.1,0.3431,3
Love: Alternative courses,106.91,0.3431,3
Worries: Misperception,106.66,0.3431,3
Films: Dialog,105.57,0.3431,3
Childhood: Crises and traumas,105.09,0.3431,3
Funny experiences: Common,105.07,0.3431,3
Language: Inconsistencies,104.62,0.3431,3
Funny experiences: Coincidences,104.49,0.3431,3
Fears: War,104.42,0.3431,3
Observations: Effects,104.3,0.3431,3
Errors: Patterns,104.16,0.3431,3
Errors: Problem solving,103.85,0.3431,3
Dreams: Bizarre,103.6,0.3431,3
Finest moments: Freedom,103.45,0.3431,3
Perspectives,103.27,0.3431,3
Childhood: Motivations,102.8,0.3431,3
Beliefs: Scientific,102.79,0.3431,3
Love: Crises,102.57,0.3431,3
Books: Desired,102.32,0.3431,3
Tastes: Music,102.29,0.3431,3
Progress,102.14,0.3431,3
Tastes: Historical periods,102.12,0.3431,3
Things never before discussed: Humiliations,101.96,0.3431,3
Beliefs: Interpretive,101.92,0.3431,3
Day's happenings: Creations,101.89,0.3431,3
Observations: Phenomena,101.76,0.3431,3
Funny experiences: Present,101.68,0.3431,3
Fears: Interrelations,101.56,0.3431,3
Errors: Medical diagnosis,101.53,0.3431,3
Errors: Experimentation,101.51,0.3431,3
Things never before discussed: Relationships,101.34,0.3431,3
Dreams: Own,101.21,0.3431,3
Books: Future plans,101.2,0.3431,3
Mysteries,100.91,0.3431,3
Finest moments: Family,100.87,0.3431,3
Beliefs: Evolution,100.69,0.3431,3
Language: Etymology,100.52,0.3431,3
Love: Lessons,100.37,0.3431,3
Language: Limitations,100.21,0.3431,3
Fears: Shared with the other person,100.19,0.3431,3
Childhood: Ambitions goals and plans,99.98,0.3431,3
Changes: Aims,99.93,0.3431,3
Fears: Misaction,99.9,0.3431,3
Love: Costs,99.74,0.3431,3
Predictions and guesses: Present,99.53,0.3431,3
Language: Ancient,99.42,0.3431,3
Fears: Society's,99.22,0.3431,3
Love: Levels,99.15,0.3431,3
Dreams: Re: present,99.04,0.3431,3
Childhood: Oddities,98.98,0.3431,3
Funny experiences: Romantic,98.94,0.3431,3
Well-being,98.83,0.3431,3
Funny experiences: Other person's,98.78,0.3431,3
Human nature,98.68,0.3431,3
Language: Word play,98.67,0.3431,3
Beliefs: Philosophic,98.4,0.3431,3
Observations: Design,98.31,0.3431,3
Funny experiences: Hobbies,98.3,0.3431,3
Errors: Historical,98.04,0.3431,3
Dreams: Daydreams,97.83,0.3431,3
Beauty: Personality,97.81,0.3431,3
Finest moments: Virtue,97.62,0.3431,3
Observations: Self,97.61,0.3431,3
Childhood: Wishes,97.56,0.3431,3
Love: Present,97.5,0.3431,3
Beliefs: Predictive,97.43,0.3431,3
Dreams: Symbolism,97.4,0.3431,3
Finest moments: Change,97.39,0.3431,3
Conflicts and disagreements: Solution,97.34,0.3431,3
Dreams: Nightmares,97.21,0.3431,3
Errors: Healthcare,97.06,0.3431,3
Dreams: Levels,96.86,0.3431,3
Observations: Symmetries,96.85,0.3431,3
Ideals,96.69,0.3431,3
Dreams,96.61,0.3431,3
Things never before discussed: Disappointments,96.57,0.3431,3
Fears: Degradation,96.56,0.3431,3
Childhood: Self-mastery,96.47,0.3431,3
Childhood: Misunderstandings,96.39,0.3431,3
Funny experiences: School,96.27,0.3431,3
Observations: Creatures,96.26,0.3431,3
Fears: Exploitation,96.14,0.3431,3
Beliefs: Comparisons,96.14,0.3431,3
Language: Combinations,95.97,0.3431,3
Things never before discussed: Criticisms,95.94,0.3431,3
Films: Imagined,95.72,0.3431,3
Observations: Beauty and ugliness,95.56,0.3431,3
Significance of events,95.55,0.3431,3
Tastes: Theories and ideas,95.55,0.3431,3
Errors: Improvising,95.44,0.3431,3
Strategy,95.3,0.3431,3
Dreams: Places,95.29,0.3431,3
The other person,95.28,0.3431,3
Concepts,95.14,0.3431,3
Beauty: Heterodox or controversial,94.97,0.3431,3
Observations: Functions,94.8,0.3431,3
Language: Pet expressions,94.53,0.3431,3
Changes: Relationships,93.91,0.3431,3
Language,93.87,0.3431,3
Dreams: Recurring,93.79,0.3431,3
Fears: Cause and bases,93.57,0.3431,3
Worries: Values,93.52,0.3431,3
Conflicts and disagreements: Importance,93.48,0.3431,3
Day's happenings: Evolutions and developments,93.47,0.3431,3
Childhood: Mentors,93.4,0.3431,3
Dreams: Persons,93.13,0.3431,3
Day's happenings: Reactions,92.92,0.3431,3
Worries: Abuse,92.65,0.3431,3
Dreams: Themes,92.57,0.3431,3
Books: Surprising,92.44,0.3431,3
Childhood: Nature,92.0,0.3431,3
Language: Connotations,91.91,0.3431,3
Beliefs: Alternative,91.89,0.3431,3
Childhood: Transitions,91.87,0.3431,3
Fears: Divorce,91.44,0.3431,3
Funny experiences: Lengthy or ongoing,91.0,0.3431,3
Things never before discussed: Possessions,90.96,0.3431,3
Language: Comparisons,90.85,0.3431,3
Observations: The other,90.83,0.3431,3
Books: Messages,90.68,0.3431,3
Fears: Deprivation,90.65,0.3431,3
Day's happenings: Surprise,90.61,0.3431,3
Funny experiences: Dangerous,90.42,0.3431,3
Predictions and guesses: Self,90.31,0.3431,3
Beliefs: Societal,89.76,0.3431,3
Dreams: Best,89.72,0.3431,3
Love: Meetings,89.69,0.3431,3
Goals,88.75,0.3431,3
Worries: Rejection,88.14,0.3431,3
One's research,88.05,0.3431,3
Day's happenings: Travel,87.91,0.3431,3
Worries: Paradoxes,86.92,0.3431,3
Errors: Importance,86.62,0.3431,3
Language: Expressions,86.38,0.3431,3
Things never before discussed: Hates,86.29,0.3431,3
Things never before discussed: Beliefs,85.89,0.3431,3
Fears: Nihilism,85.81,0.3431,3
Fears: Overburdening,85.73,0.3431,3
Worries: Sanity,85.66,0.3431,3
Worries: Forgetting,85.43,0.3431,3
Books: Interest,85.31,0.3431,3
Insights,85.16,0.3431,3
Fears: Bereavement,85.04,0.3431,3
Changes: Friendships,84.99,0.3431,3
Errors: Romance,84.98,0.3431,3
Funny experiences: Lucky,84.65,0.3431,3
Errors: Interpretation,84.43,0.3431,3
Observations: Games,84.39,0.3431,3
Funny experiences: Own pranks,84.27,0.3431,3
Errors: Correlation,84.15,0.3431,3
Language: Songs,83.05,0.3431,3
Observations: Differences,83.03,0.3431,3
Language: Style and styles,82.98,0.3431,3
Errors: Logic,82.39,0.3431,3
Day's happenings: Complexities,82.3,0.3431,3
Childhood: Creations,82.28,0.3431,3
Fears: Unpreparedness,82.25,0.3431,3
Beliefs: Child-raising,81.81,0.3431,3
Books: Recommended,81.8,0.3431,3
Love: Wishes,81.69,0.3431,3
Predictions and guesses: Associations,81.24,0.3431,3
Day's happenings: Memories,81.11,0.3431,3
Fears: Disclosure of secrets,81.07,0.3431,3
Funny experiences: Cognitive,81.03,0.3431,3
Changes: Values,80.99,0.3431,3
Language: Foreign,80.94,0.3431,3
Funny experiences: Chore-related,80.93,0.3431,3
Love: Fantasies,80.91,0.3431,3
Changes: Psychology,80.71,0.3431,3
Predictions and guesses: Precognitum,80.38,0.3431,3
Finest moments: Luck,80.16,0.3431,3
Tastes: Food and restaurants,80.15,0.3431,3
Love: Symptoms,80.06,0.3431,3
Private knowledge,80.03,0.3431,3
Predictions and guesses: Future,80.03,0.3431,3
Dreams: Events,79.46,0.3431,3
Day's happenings: Opportunities,79.39,0.3431,3
Fears: Unforeseeables,79.16,0.3431,3
Day's happenings: Achievements,79.15,0.3431,3
Childhood: Failures,79.14,0.3431,3
Beliefs: Critical,79.06,0.3431,3
Changes: Habits,79.06,0.3431,3
Finest moments: Spiritual,79.02,0.3431,3
Finest moments: Vindication,79.01,0.3431,3
Things never before discussed: Quirks,79.01,0.3431,3
Conflicts and disagreements: Inclusion,78.9,0.3431,3
Dreams: Sequences,78.85,0.3431,3
Worries: Autonomy,78.83,0.3431,3
Funny experiences,78.64,0.3431,3
Beauty: Nature of,78.63,0.3431,3
Language: Phrases,78.61,0.3431,3
Finest moments: Responsibility,78.45,0.3431,3
Finest moments: Peace,78.34,0.3431,3
Love: Illusions,78.22,0.3431,3
Love: Plans and intentions,78.21,0.3431,3
Language: Statements and quotes,78.13,0.3431,2
Books: Value,77.94,0.3431,2
Predictions and guesses: Importance,77.83,0.3431,2
Childhood: Hobbies,77.63,0.3431,2
Observations: Gestures,77.61,0.3431,2
Childhood: Struggles,77.6,0.3431,2
Finest moments: Creation,77.57,0.3431,2
Fears: Insanity,77.57,0.3431,2
Predictions and guesses: Beliefs,77.42,0.3431,2
Errors: Decision making,77.39,0.3431,2
Love: Chronology,77.35,0.3431,2
Fears: Arbitrariness,77.28,0.3431,2
Childhood: Beliefs,77.19,0.3431,2
Films: Atmospheres,77.14,0.3431,2
Predictions and guesses: Surprise,77.05,0.3431,2
Language: Mannerisms,76.91,0.3431,2
Language: Funny words,76.87,0.3431,2
Conflicts and disagreements: Child rearing,76.86,0.3431,2
Conflicts and disagreements: Morality,76.68,0.3431,2
Fears: Deceit,76.66,0.3431,2
Day's happenings: Coincidences,76.61,0.3431,2
Errors: Study and learning,76.5,0.3431,2
Dreams: Things,76.46,0.3431,2
Fears: Corruption,76.45,0.3431,2
Beliefs: Heterodox,76.44,0.3431,2
Day's happenings: Dreams,76.2,0.3431,2
Language: Nonsense words,76.1,0.3431,2
Language: New words,75.79,0.3431,2
Changes: Plans,75.73,0.3431,2
Changes: Tastes,75.7,0.3431,2
Beliefs: Educational,75.59,0.3431,2
Books: Reading,75.58,0.3431,2
Fears: Retirement,75.57,0.3431,2
Tradeoffs,75.54,0.3431,2
Childhood: Help,75.52,0.3431,2
Beliefs: History's,75.42,0.3431,2
Observations: Repetitions,75.32,0.3431,2
Love: Thoughts,75.27,0.3431,2
Dreams: Shapes,75.21,0.3431,2
Fears: Miscalculation,75.15,0.3431,2
Funny experiences: Undignified,75.14,0.3431,2
Childhood: Lessons,75.12,0.3431,2
Books: Childhood,74.96,0.3431,2
Books: Stories,74.93,0.3431,2
Childhood: Needs,74.92,0.3431,2
Beliefs: Corollaries,74.88,0.3431,2
Finest moments: Recent,74.8,0.3431,2
Errors: Planning,74.52,0.3431,2
Books: Characters,74.43,0.3431,2
Childhood: Daydreams,74.42,0.3431,2
Language: Sayings,74.33,0.3431,2
Language: Idioms,74.25,0.3431,2
Books: Read,74.1,0.3431,2
Observations: Problems,73.98,0.3431,2
Opportunities,73.85,0.3431,2
Language: Literature,73.6,0.3431,2
Errors: Social interaction,73.52,0.3431,2
Predictions and guesses: Motive,73.4,0.3431,2
Childhood: Rites of passage,73.27,0.3431,2
Reasons for things,73.19,0.3431,2
Worries: One's kids,73.17,0.3431,2
Errors: Science,73.13,0.3431,2
Dreams: Re: past,73.06,0.3431,2
Language: Figures of speech,73.03,0.3431,2
Books: Imaginary,72.88,0.3431,2
Beliefs: Current events,72.82,0.3431,2
Dimensions,72.72,0.3431,2
Beliefs: Present,72.56,0.3431,2
Observations: Asymmetries,72.56,0.3431,2
Changes: Interests,72.42,0.3431,2
Beliefs: Historical,72.42,0.3431,2
Observations: Niches,72.41,0.3431,2
Thanks,72.16,0.3431,2
Books: Humor and recreational,72.07,0.3431,2
Observations: Independences,72.03,0.3431,2
Love: Risks,71.97,0.3431,2
Day's happenings: Improvements and worsenings,71.94,0.3431,2
Pets,71.81,0.3431,2
Fears: Failure,71.81,0.3431,2
Childhood: Fears,71.7,0.3431,2
Films: Relationships,71.45,0.3431,2
Love: Errors,71.45,0.3431,2
Fears: Responsibility,71.43,0.3431,2
Childhood: Achievements,71.4,0.3431,2
Tastes: Visual art,71.34,0.3431,2
Fears: Spouse's,71.29,0.3431,2
Changes: Home life,71.21,0.3431,2
Errors: Helping,71.15,0.3431,2
Beauty: Voice,71.14,0.3431,2
Speculations,71.02,0.3431,2
Worries: World events,70.93,0.3431,2
Language: Word games,70.93,0.3431,2
Worries: Misrepresentation,70.87,0.3431,2
Finest moments,70.71,0.3431,2
Worries: Self,70.7,0.3431,2
Childhood: Virtues and good deeds,70.66,0.3431,2
Observations: Comfort and satisfaction,70.56,0.3431,2
Love: Fallacies,70.51,0.3431,2
Day's happenings: Mental life,70.46,0.3431,2
Impressions,70.42,0.3431,2
Day's happenings: Value,70.37,0.3431,2
Love: Problems,70.35,0.3431,2
Childhood: Parents,70.35,0.3431,2
Love: Importance,70.18,0.3431,2
Day's happenings: Stories,70.07,0.3431,2
Tastes: Cities,69.99,0.3431,2
Errors: Responding to emergencies,69.94,0.3431,2
Observations: Speech,69.91,0.3431,2
Predictions and guesses: Ability,69.9,0.3431,2
Chance and fortune,69.88,0.3431,2
Worries: Character,69.73,0.3431,2
Errors: Crisis management and resolution,69.61,0.3431,2
Interests,69.46,0.3431,2
Day's happenings: Transformations,69.28,0.3431,2
Worries: Future,69.18,0.3431,2
Worries: Family,69.17,0.3431,2
Love: Past,69.14,0.3431,2
Fears: Inferiority,68.88,0.3431,2
Love,68.59,0.3431,2
Observations: Reactions,68.55,0.3431,2
Hobbies,68.35,0.3431,2
One's relationship with the other person,68.32,0.3431,2
Day's happenings: Metaphors,68.25,0.3431,2
Fears: Indifference,68.21,0.3431,2
Oddities,68.12,0.3431,2
Language: Needs,68.08,0.3431,2
Fears: Financial reversal,68.03,0.3431,2
Challenges,67.99,0.3431,2
Love: Eros,67.96,0.3431,2
Childhood: Imperfections,67.9,0.3431,2
Fears: Present,67.85,0.3431,2
Observations: Oddities,67.75,0.3431,2
Observations: Unities,67.73,0.3431,2
Fears: Pathogenic industry,67.63,0.3431,2
Childhood: Near-things,67.58,0.3431,2
Lessons,67.15,0.3431,2
Love: Lovers described,66.93,0.3431,2
Worries: Progress and decay,66.85,0.3431,2
Appearances: Future,66.79,0.3431,2
Philosophy,66.22,0.3431,2
Dreams: Types,66.22,0.3431,2
Language: Names,65.87,0.3431,2
Funny experiences: Spouse,65.56,0.3431,2
Predictions and guesses: Path,65.48,0.3431,2
Observations: Fundamentals,65.47,0.3431,2
Finest moments: Private,65.21,0.3431,2
Books: Same subject or theme,64.68,0.3431,2
Errors: Appreciating,64.67,0.3431,2
Language: Teaching,64.53,0.3431,2
Conflicts and disagreements: Belief,64.35,0.3431,2
Predictions and guesses: Decision,64.34,0.3431,2
Science,64.19,0.3431,2
Love: Other person's,64.09,0.3431,2
Errors: Prediction,64.06,0.3431,2
Childhood: Development,63.65,0.3431,2
Love: One's own,63.57,0.3431,2
Childhood: Finest moments,63.52,0.3431,2
Worries: Failure,63.45,0.3431,2
Observations: Mistakes,63.29,0.3431,2
Rivalries: Friends,63.24,0.3431,2
Love: Events,62.93,0.3431,2
Beliefs: Parents',62.73,0.3431,2
Changes: Reading,62.7,0.3431,2
Changes: Hobbies,62.43,0.3431,2
Things never before discussed: Random,62.14,0.3431,2
Dreams: Past,61.96,0.3431,2
Observations: Synergisms,61.29,0.3431,2
Films: Synthesis,60.73,0.3431,2
Errors: Mate selection and courtship,60.73,0.3431,2
Errors: Transformed,60.39,0.3431,2
Fears: Incapacitation,60.36,0.3431,2
Day's happenings: Lessons,59.88,0.3431,2
Errors: Collaborating,59.85,0.3431,2
Love: Lovers' words,59.46,0.3431,2
Beliefs: Society's,59.16,0.3431,2
Funny experiences: Horrible,58.67,0.3431,2
Language: Slang,55.4,0.3431,2
Childhood: Surprises,53.95,0.3431,2
Predictions and guesses: Alternative,7.17,0.3431,2
Day's happenings: Observations,5.14,0.3431,2
Day's happenings: Beauty or ugliness,4.79,0.3431,2
Predictions and guesses: Pattern,4.77,0.3431,2
Language: Trends,4.71,0.3431,2
Worries: Limits and weaknesses,4.63,0.3431,2
Predictions and guesses: Strategy,4.32,0.3431,2
Finest moments: Aesthetic,3.43,0.3431,2
Childhood: Acts and deeds,2.87,0.3431,2
Day's happenings: Implication,2.82,0.3431,2
Conflicts and disagreements: Help,2.8,0.3431,2
Love: Intermediaries,2.8,0.3431,2
Films: Reflections,2.79,0.3431,2
Observations: Instruments and media,2.68,0.3431,2
Funny experiences: Shopping,2.44,0.3431,2
Predictions and guesses: Dimensions,2.35,0.3431,2
Errors: Questioning,2.05,0.3431,2
Language: Functions,1.87,0.3431,2
Language: Oaths,1.79,0.3431,2
Books: Critical,1.77,0.3431,2
Beliefs: Friends',1.74,0.3431,2
Conflicts and disagreements: Money,1.68,0.3431,2
Errors: Choosing schools and courses,1.55,0.3431,2
Errors: Tactics and strategy,1.5,0.3431,2
Books: Content,1.49,0.3431,2
Childhood: Extended family,1.3,0.3431,2
Customs: Cooking,1.25,0.3431,2
Childhood: Stresses and strains,1.22,0.3431,2
Worries: Challenges,0.96,0.3431,2
Love: Causes,0.61,0.3431,2
Predictions and guesses: Combinations,0.57,0.3431,2
Errors: Friends,0.43,0.3431,2
Conflicts and disagreements: Future,0.24,0.3431,2
Fears: Pain,0.13,0.3431,2
Conflicts and disagreements: Method,0.11,0.3431,2
Love: Childhood,0.03,0.3431,2
Fears: Aging and old age,-0.05,0.3431,2
Books: Owned,-0.1,0.3431,2
Observations: Persons,-0.11,0.3431,2
Day's happenings: Dynamics,-0.16,0.3431,2
Fears: Disruption,-0.25,0.3431,2
Fears: Disease,-0.4,0.3431,2
Worries: Reaction,-0.4,0.3431,2
Worries: Contradiction,-0.49,0.3431,2
Proposals,-0.5,0.3431,2
Day's happenings: Relaxations and idling,-0.53,0.3431,2
Conflicts and disagreements: Official,-0.8,0.3431,2
Observations: Actions,-0.86,0.3431,2
Conflicts and disagreements: Parent,-0.92,0.3431,2
Conflicts and disagreements: Childhood,-0.98,0.3431,2
Predictions and guesses: Law,-0.98,0.3431,2
Worries: Causes,-1.07,0.3431,2
Worries: Misaction,-1.24,0.3431,2
Predictions and guesses: Nature,-1.34,0.3431,2
Childhood: Errors,-1.36,0.3431,2
Beliefs: Children's,-1.38,0.3431,2
Worries: Aging,-1.5,0.3431,2
Childhood: Omissions,-1.53,0.3431,2
Errors: Consequences,-1.54,0.3431,2
Errors: Attention,-1.62,0.3431,2
Predictions and guesses: Control,-1.63,0.3431,2
Errors: Training,-1.69,0.3431,2
Language: Pseudonyms,-1.7,0.3431,2
Worries: Evidence,-1.78,0.3431,2
Errors: Entertaining,-1.83,0.3431,2
Language: Ellipsis,-1.84,0.3431,2
Books: Histories,-1.92,0.3431,2
Errors: Prevention,-1.98,0.3431,2
Love: In literature,-2.0,0.3431,2
Conflicts and disagreements: Spouse,-2.03,0.3431,2
Worries: Thoughts,-2.26,0.3431,2
Worries: Stresses and strains,-2.34,0.3431,2
Films: Foreign,-2.35,0.3431,2
Beauty,-2.35,0.3431,2
Worries: Flaws,-2.36,0.3431,2
Worries: Misdirection,-2.41,0.3431,2
Surprises,-2.47,0.3431,2
World events,-2.47,0.3431,2
Finest moments: Job,-2.61,0.3431,2
Childhood: Forces,-2.65,0.3431,2
Beliefs: Strategic,-2.67,0.3431,2
Observations: Types,-2.72,0.3431,2
Films: Details,-2.73,0.3431,2
Books: Criticism,-2.74,0.3431,2
Fears: Childhood,-2.79,0.3431,2
Books: Methods,-2.88,0.3431,2
Conflicts and disagreements: Theme,-2.89,0.3431,2
Worries: Choice,-2.9,0.3431,2
Books: Journals,-2.95,0.3431,2
Childhood: Teachers,-2.99,0.3431,2
Films: Techniques,-3.1,0.3431,2
Rivalries: Kids,-3.1,0.3431,2
Conflicts and disagreements: Attitude,-3.16,0.3431,2
Errors: Repairing,-3.17,0.3431,2
Conflicts and disagreements: Example,-3.18,0.3431,2
Conflicts and disagreements: Present,-3.31,0.3431,2
Books: Popularizations,-3.34,0.3431,2
Conflicts and disagreements: Logic,-3.36,0.3431,2
Day's happenings: Wishes,-3.4,0.3431,2
Fears: Punishment,-3.42,0.3431,2
Stresses and strains,-3.47,0.3431,2
Errors: Government,-3.5,0.3431,2
Day's happenings: Why,-3.56,0.3431,2
Worries: Misuse,-3.58,0.3431,2
Predictions and guesses: Rate,-3.65,0.3431,2
Errors: Consulting experts,-3.67,0.3431,2
Fears: Sin,-3.8,0.3431,2
Films: Recent,-3.82,0.3431,2
Predictions and guesses: Circumstance,-3.86,0.3431,2
Dislikes: Self,-3.87,0.3431,2
Predictions and guesses: How,-3.9,0.3431,2
Rivalries: Causes,-3.93,0.3431,2
Conflicts and disagreements: Probability,-3.94,0.3431,2
Childhood: Favorites,-3.98,0.3431,2
Changes: Spouse,-4.02,0.3431,2
Childhood: Sports,-4.08,0.3431,2
Errors: Guiding,-4.12,0.3431,2
Conflicts and disagreements: Prediction,-4.2,0.3431,2
Errors: Inventing,-4.21,0.3431,2
Language: Eponyms,-4.31,0.3431,2
Conflicts and disagreements: Evaluation,-4.34,0.3431,2
Language: Hazards,-4.34,0.3431,2
Books: Nonfiction,-4.45,0.3431,2
Films: Development,-4.48,0.3431,2
Worries: Deficiency,-4.56,0.3431,2
Language: Place names,-4.57,0.3431,2
Quotations: Mother,-4.58,0.3431,2
Beauty: Society,-4.6,0.3431,2
Appearances: Illusory and delusory,-4.69,0.3431,2
Observations: Activities,-5.1,0.3431,2
Films: Genres,-5.22,0.3431,2
Worries: Bathos,-5.29,0.3431,2
Observations: Methods,-5.3,0.3431,2
Changes: Projects,-5.41,0.3431,2
Love: Methods,-5.45,0.3431,2
Language: Affixes,-5.49,0.3431,2
Language: Hyperbole,-5.52,0.3431,2
Books: Collections,-5.54,0.3431,2
Predictions and guesses: Rank,-5.6,0.3431,2
Beauty: Relative,-5.65,0.3431,2
Errors: Nature,-5.67,0.3431,2
Conflicts and disagreements: Good or bad,-5.76,0.3431,2
Childhood: Accidents,-5.78,0.3431,2
Fears: Temptation,-5.94,0.3431,2
Beauty: Literary,-5.95,0.3431,2
Errors: Psychogenesis,-5.99,0.3431,2
Conflicts and disagreements: Means,-6.02,0.3431,2
Language: Vocabulary,-6.06,0.3431,2
Things previously discussed: Generalizations,-6.09,0.3431,2
Fears: Scope,-6.09,0.3431,2
Conflicts and disagreements: Comparison,-6.13,0.3431,2
Appearances: Phenomenon,-6.15,0.3431,2
Fears: Crime,-6.15,0.3431,2
Predictions and guesses: Problem,-6.15,0.3431,2
Quotations: Novelist,-6.21,0.3431,2
Views of others,-6.26,0.3431,2
Worries: Government,-6.28,0.3431,2
Conflicts and disagreements: Outcome,-6.29,0.3431,2
Childhood: Regrets,-6.3,0.3431,2
Language: Epithets,-6.35,0.3431,2
Predictions and guesses: Event,-6.43,0.3431,2
Finest moments: School,-6.58,0.3431,2
Tastes: Interior design,-6.73,0.3431,2
Tastes: Friends,-6.78,0.3431,2
Conflicts and disagreements: Personality,-6.78,0.3431,2
Love: Endings,-6.79,0.3431,2
Worries: Finance,-6.79,0.3431,2
Films: Moods,-6.8,0.3431,2
Funny experiences: Future,-6.82,0.3431,2
Worries: Conflicts,-6.95,0.3431,2
Conflicts and disagreements: Preference,-6.99,0.3431,2
Worries: Views,-7.01,0.3431,2
Childhood: Puzzles,-7.02,0.3431,2
Errors: Living,-7.02,0.3431,2
Quotations: Book,-7.07,0.3431,2
Tastes: Vacations,-7.07,0.3431,2
Day's happenings: Oddity,-7.14,0.3431,2
Scenarios,-7.15,0.3431,2
Errors: Sensing,-7.7,0.3431,2
Films: Sound,-7.77,0.3431,2
Love: Comparisons,-7.79,0.3431,2
History,-7.84,0.3431,2
Beauty: Moral,-7.87,0.3431,2
Fears: Being cheated,-7.88,0.3431,2
Day's happenings: Options and alternatives,-8.0,0.3431,2
Conflicts and disagreements: Politics,-8.0,0.3431,2
Tastes: Causes,-8.3,0.3431,2
Errors: Generalization,-8.4,0.3431,2
Things previously discussed: What's new,-8.53,0.3431,2
Upcoming events,-8.56,0.3431,2
Books: Fiction,-8.57,0.3431,2
Fears: Violence,-8.62,0.3431,2
Conflicts and disagreements: Principle,-8.65,0.3431,2
Predictions and guesses,-8.84,0.3431,2
Appearances: Economy,-8.94,0.3431,2
Childhood: Hates,-8.97,0.3431,2
Friends,-9.04,0.3431,2
Books: Borrowed,-9.07,0.3431,2
Errors: Celebrating,-9.17,0.3431,2
Errors: Bedtime storytelling,-9.36,0.3431,2
Worries: Unreliability,-9.44,0.3431,2
Anecdotes,-9.58,0.3431,2
Predictions and guesses: Condition,-9.63,0.3431,2
Quotations: Self,-9.95,0.3431,2
Language: Rhetoric and oratory,-9.97,0.3431,2
Tastes,-10.07,0.3431,2
Language: Applications,-10.14,0.3431,2
Day's happenings: Messages,-10.22,0.3431,2
Errors: Interviewing or being interviewed,-10.57,0.3431,2
Childhood: Encounters,-10.57,0.3431,2
Childhood: Situations,-10.69,0.3431,2
Predictions and guesses: Analogy,-10.81,0.3431,2
Predictions and guesses: Extension,-11.09,0.3431,2
Funny experiences: Health,-11.11,0.3431,2
Rivalries: Suitors,-11.78,0.3431,2
Childhood: Misfortune,-12.21,0.3431,2
Books: Useful,-13.21,0.3431,2
Conflicts and disagreements: Solutions,-13.5,0.3431,2
Day's happenings: Needs,-13.62,0.3431,2
Worries: Interdependences,-14.56,0.3431,2
Tastes: Climate,-14.75,0.3431,2
Love: Forces,-14.91,0.3431,2
Conflicts and disagreements: Implications,-14.92,0.3431,2
Worries: Goals,-15.0,0.3431,2
Conflicts and disagreements: Interpretation,-15.19,0.3431,2
Intellectual problems,-15.33,0.3431,2
Errors: Future,-15.36,0.3431,2
Funny experiences: Others' pranks,-15.66,0.3431,2
Fears: Job dismissal,-15.71,0.3431,2
Explanations,-16.01,0.3431,2
Childhood: Homelife,-16.16,0.3431,2
Language: Other person's,-16.17,0.3431,2
Fears: Effects,-16.7,0.3431,2
Fears: Onerous government,-16.8,0.3431,2
Beliefs: Practical,-16.8,0.3431,2
Finest moments: Celebration,-16.91,0.3431,2
Day's happenings: Well-being or health,-17.24,0.3431,2
Worries: Intelligence,-17.26,0.3431,2
Theories,-17.81,0.3431,2
Worries: Assumptions,-17.87,0.3431,2
Childhood: Stupidities,-18.09,0.3431,2
Films: Forces,-18.19,0.3431,2
Errors: Synthesis,-18.3,0.3431,2
Worries: Health,-18.57,0.3431,2
Beliefs: Elements,-18.76,0.3431,2
Childhood: House,-18.77,0.3431,2
Worries: Complications,-18.9,0.3431,2
Worries: Motives,-19.01,0.3431,2
Nature,-19.14,0.3431,2
Childhood: Siblings,-19.23,0.3431,2
Childhood: Neighborhood,-19.34,0.3431,2
Funny experiences: Officials,-19.44,0.3431,2
Fears: Other person's,-19.48,0.3431,2
Conflicts and disagreements: Update,-19.5,0.3431,2
Observations,-19.53,0.3431,2
Funny experiences: Ribald,-19.56,0.3431,2
Predictions and guesses: Cause,-19.86,0.3431,2
Films: Photography,-19.86,0.3431,2
Regrets,-20.03,0.3431,2
Films: Scenes,-20.09,0.3431,2
Films: Analysis,-20.22,0.3431,2
Films: Characters,-20.33,0.3431,2
Language: Anonyms,-20.36,0.3431,2
Love: Marriage,-20.41,0.3431,2
Worries: Tradeoffs,-20.54,0.3431,2
Beliefs,-20.6,0.3431,2
Books: Analogous,-20.6,0.3431,2
Errors: Honoring or praising,-20.69,0.3431,2
Childhood: Problems,-20.73,0.3431,2
Beauty: Intellect,-20.77,0.3431,2
Observations: Statements,-20.79,0.3431,2
Errors: Systematizing or organizing,-20.79,0.3431,2
Childhood: Judgements of others (then),-20.95,0.3431,2
Childhood: Circles,-21.07,0.3431,2
Day's happenings: Visits or visitors,-21.08,0.3431,2
Conflicts and disagreements: With the other,-21.08,0.3431,2
Worries: Excess,-21.11,0.3431,2
Films: Compared,-21.11,0.3431,2
Childhood: Attitudes,-21.19,0.3431,2
Conflicts and disagreements: Why,-21.2,0.3431,2
Observations: Circumstances,-21.27,0.3431,2
Fears: Past,-21.31,0.3431,2
Childhood: Sacrifices,-21.39,0.3431,2
Worries: Courses,-21.42,0.3431,2
Fears: Abnormality,-21.49,0.3431,2
Errors: Explanation,-21.52,0.3431,2
Observations: Style,-21.54,0.3431,2
Errors: Reading motives or intentions,-21.62,0.3431,2
Day's happenings: Errors,-21.63,0.3431,2
Predictions and guesses: Who,-21.67,0.3431,2
Books: Comparison,-21.7,0.3431,2
Predictions and guesses: Cost,-21.85,0.3431,2
Love: Love spats,-21.92,0.3431,2
Worries: Acts,-21.94,0.3431,2
Conflicts and disagreements: Effects,-22.03,0.3431,2
Books: Quotations,-22.07,0.3431,2
Observations: Events,-22.18,0.3431,2
Conflicts and disagreements: Recollection,-22.24,0.3431,2
Errors: Memorization or remembrance,-22.27,0.3431,2
Worries: Speculations,-22.45,0.3431,2
Fears: Slander,-22.48,0.3431,2
Finest moments: Security,-22.56,0.3431,2
Career,-22.56,0.3431,2
Conflicts and disagreements: Dimensions,-22.57,0.3431,2
Customs: Conversation,-22.61,0.3431,2
Quotations: Psychologist,-22.67,0.3431,2
Worries: Means,-22.69,0.3431,2
Rivalries: Sibmates,-22.72,0.3431,2
Films: Style,-22.85,0.3431,2
Childhood: Vacations,-22.9,0.3431,2
Errors: Walking,-22.91,0.3431,2
Predictions and guesses: Force,-22.94,0.3431,2
Conflicts and disagreements: Choice,-23.01,0.3431,2
Worries: Role,-23.02,0.3431,2
Childhood: Behavior,-23.02,0.3431,2
Day's happenings: Scenarios,-23.02,0.3431,2
Childhood: Eating,-23.06,0.3431,1
Worries: Circumstances,-23.14,0.3431,1
Books: Guides,-23.16,0.3431,1
Failures,-23.21,0.3431,1
Films: References,-23.31,0.3431,1
Language: Subsenses,-23.32,0.3431,1
Predictions and guesses: Conflict,-23.49,0.3431,1
Day's happenings: Comparison,-23.5,0.3431,1
Worries: Childhood,-23.51,0.3431,1
Changes: Groups,-23.51,0.3431,1
Observations: Status,-23.53,0.3431,1
Offers,-23.58,0.3431,1
Things previously discussed: Concepts,-23.59,0.3431,1
Conflicts and disagreements: Subject,-23.59,0.3431,1
Childhood: Rivals,-23.63,0.3431,1
Fears: Illusion,-23.69,0.3431,1
Day's happenings: Who,-23.76,0.3431,1
Day's happenings: Probabilities,-23.78,0.3431,1
Books: Historical books,-23.81,0.3431,1
Things being debated,-23.82,0.3431,1
Films: Symbolism,-23.85,0.3431,1
Fears,-23.92,0.3431,1
Films: Technology,-23.99,0.3431,1
Conflicts and disagreements: Type,-24.01,0.3431,1
Day's happenings: When,-24.04,0.3431,1
Worries: Relationships,-24.05,0.3431,1
Books: Symbols,-24.06,0.3431,1
Worries: Safety,-24.08,0.3431,1
Day's happenings: Conversations,-24.12,0.3431,1
Childhood: Methods tactics and systems,-24.23,0.3431,1
Worries: Requirements,-24.23,0.3431,1
Changes: Rest of family,-24.26,0.3431,1
Errors: Present,-24.27,0.3431,1
Films: Favorite,-24.32,0.3431,1
Day's happenings: How,-24.42,0.3431,1
Worries: Methods,-24.59,0.3431,1
Observations: Instances,-24.66,0.3431,1
Worries: Sequence,-24.74,0.3431,1
Quotations: Historic people,-24.8,0.3431,1
Language: Editing,-24.83,0.3431,1
Day's happenings: Minor or major,-24.84,0.3431,1
Films: Direction,-24.89,0.3431,1
Observations: Things,-24.93,0.3431,1
Things previously discussed: Second thoughts,-24.93,0.3431,1
Day's happenings: Policies,-24.94,0.3431,1
Quotations: Friends,-25.02,0.3431,1
Worries: Superficiality,-25.03,0.3431,1
Day's happenings: Regrets,-25.03,0.3431,1
Books: Reading methods,-25.07,0.3431,1
Conflicts and disagreements: Exclusion,-25.09,0.3431,1
Errors: Participating in ceremonies and rituals,-25.13,0.3431,1
Favorites,-25.19,0.3431,1
Language: Metonymy,-25.21,0.3431,1
Day's happenings: Actions strategy and tactics,-25.26,0.3431,1
Day's happenings: Transactions,-25.29,0.3431,1
Day's happenings: Ambiguities,-25.3,0.3431,1
Conflicts and disagreements: Act,-25.4,0.3431,1
Books: Plots,-25.41,0.3431,1
Films: Actions and events,-25.41,0.3431,1
Day's happenings: Worries and concerns,-25.44,0.3431,1
Films: Plot,-25.47,0.3431,1
Childhood: Classmates,-25.47,0.3431,1
Conflicts and disagreements: Credit,-25.52,0.3431,1
Tastes: Subjects,-25.55,0.3431,1
Childhood: Schools,-25.59,0.3431,1
Worries: How seen by others,-25.61,0.3431,1
Films: Levels,-25.62,0.3431,1
Predictions and guesses: When,-25.63,0.3431,1
Films: Televisual,-25.65,0.3431,1
Errors: Financial planning,-25.66,0.3431,1
Appearances: Imagined,-25.68,0.3431,1
Day's happenings: Analogy,-25.71,0.3431,1
Immediate family,-25.75,0.3431,1
Language: Dictionaries and glossaries,-25.79,0.3431,1
Worries: Disappointments,-25.79,0.3431,1
Errors: Childhood,-25.83,0.3431,1
Childhood: Reputation,-25.91,0.3431,1
Rivalries,-25.92,0.3431,1
Worries: Education,-25.96,0.3431,1
Quotations: Song,-26.0,0.3431,1
Errors: Judgement,-26.06,0.3431,1
Day's happenings: Knowledge,-26.07,0.3431,1
Predictions and guesses: Type,-26.11,0.3431,1
Books: Abridgements,-26.12,0.3431,1
Destiny,-26.13,0.3431,1
Books: Reference books,-26.17,0.3431,1
Conflicts and disagreements,-26.19,0.3431,1
Worries: Job,-26.19,0.3431,1
Fears: Natural disasters,-26.21,0.3431,1
Fears: Irrationality,-26.24,0.3431,1
Day's happenings: Decisions,-26.29,0.3431,1
Conflicts and disagreements: Friend,-26.3,0.3431,1
Customs: Children,-26.31,0.3431,1
Worries: Controversies,-26.4,0.3431,1
Worries: Incompetence,-26.41,0.3431,1
Worries: Crime,-26.46,0.3431,1
Worries: Chance,-26.47,0.3431,1
Tastes: Geography,-26.49,0.3431,1
Worries: Behavior,-26.55,0.3431,1
Childhood: Solutions,-26.56,0.3431,1
Appearances: Analyses,-26.57,0.3431,1
Finest moments: Acquisition,-26.59,0.3431,1
Language: Definitions,-26.65,0.3431,1
Day's happenings: Drama,-26.65,0.3431,1
Conflicts and disagreements: Concept,-26.67,0.3431,1
Courses plans and intentions,-26.74,0.3431,1
Beliefs: Legal,-26.76,0.3431,1
Day's happenings: Change,-26.78,0.3431,1
Beliefs: Childhood,-26.78,0.3431,1
Books: Opposite,-26.83,0.3431,1
Childhood: Possessions,-26.98,0.3431,1
Films: Themes,-27.0,0.3431,1
Errors: Moral matters,-27.05,0.3431,1
Childhood: Rebellion,-27.09,0.3431,1
Conflicts and disagreements: Subordinate,-27.1,0.3431,1
Day's happenings: Dimensions,-27.11,0.3431,1
Rivalries: Neighbors,-27.13,0.3431,1
Conflicts and disagreements: Advice or suggestions,-27.17,0.3431,1
Worries: Own plans,-27.19,0.3431,1
Errors: Known,-27.22,0.3431,1
Books: Countries,-27.26,0.3431,1
Errors: Word use,-27.29,0.3431,1
Vacation,-27.38,0.3431,1
Quotations: Lawyer,-27.46,0.3431,1
Films: Actors,-27.53,0.3431,1
Childhood: Comparisons of own and others,-27.6,0.3431,1
Books: Structure,-27.6,0.3431,1
Books: Other languages,-27.62,0.3431,1
Beauty: Dimensions,-27.63,0.3431,1
Errors: Management,-27.68,0.3431,1
Errors: Joking,-27.71,0.3431,1
Worries: Disagreements,-27.73,0.3431,1
Changes: Conflicts,-27.75,0.3431,1
Errors: Writing reports/proposals/ads/invitations/etc,-27.78,0.3431,1
Tastes: Investment portfolios,-27.84,0.3431,1
Correlations,-27.86,0.3431,1
Films: Criticisms,-27.89,0.3431,1
Fears: Displeasure,-27.91,0.3431,1
Dislikes: Experiences,-27.95,0.3431,1
Childhood: Vices and sins,-27.96,0.3431,1
Day's happenings: Goods,-28.1,0.3431,1
Changes: Economy,-28.1,0.3431,1
Errors: Identical analogous or equivalent,-28.12,0.3431,1
Illustrations,-28.44,0.3431,1
Changes: Organizations,-28.5,0.3431,1
Conflicts and disagreements: Role,-28.51,0.3431,1
Books: Commentaries,-28.52,0.3431,1
Childhood: Eros,-28.53,0.3431,1
Doubts,-28.6,0.3431,1
Dangers and risk,-28.93,0.3431,1
Day's happenings: Homelife,-28.93,0.3431,1
Conflicts and disagreements: Errors,-28.94,0.3431,1
Implications,-28.97,0.3431,1
Tastes: Groups and circles,-29.03,0.3431,1
Day's happenings: Purposes and motives,-29.03,0.3431,1
Things previously discussed: Puzzles,-29.05,0.3431,1
Books: Best-sellers,-29.16,0.3431,1
Observations: Constants,-29.19,0.3431,1
Fears: Friends',-29.33,0.3431,1
Conflicts and disagreements: Decision,-29.36,0.3431,1
Conflicts and disagreements: Of,-29.62,0.3431,1
Responsibilities,-29.69,0.3431,1
Tastes: Designs,-29.77,0.3431,1
Appearances: Painting,-29.8,0.3431,1
Day's happenings: Entertainment,-29.88,0.3431,1
Fears: Parents',-29.9,0.3431,1
Books: Anthologies,-29.94,0.3431,1
Rivalries: Among pets,-30.03,0.3431,1
Language: Pet names,-30.36,0.3431,1
Books: Picture books,-30.39,0.3431,1
Worries: Omission,-30.46,0.3431,1
Books: Texts,-30.59,0.3431,1
Errors: Lobbying for causes,-30.61,0.3431,1
Errors: Educators,-30.74,0.3431,1
Quotations: Aphorism,-30.88,0.3431,1
One's own character,-31.04,0.3431,1
Conflicts and disagreements: Past,-31.08,0.3431,1
Observations: Transactions,-31.15,0.3431,1
Conflicts and disagreements: Remark,-31.63,0.3431,1
Conflicts and disagreements: Levels,-31.75,0.3431,1
Errors: Photography,-32.56,0.3431,1
Day's happenings: Importance,-32.59,0.3431,1
Predictions and guesses: Process,-33.17,0.3431,1
Observations: Unconsciousnesses,-33.48,0.3431,1
Predictions and guesses: What,-33.67,0.3431,1
Errors: Giving directions,-33.82,0.3431,1
Worries,-34.21,0.3431,1
Films: Interactions,-34.49,0.3431,1
Fears: Enmity or enemies,-34.55,0.3431,1
Errors: Pet training and care,-34.63,0.3431,1
Errors: Simple and complex,-35.35,0.3431,1
Beliefs: Work-related,-35.53,0.3431,1
Errors: Self-discipline,-35.58,0.3431,1
Funny experiences: Work,-35.74,0.3431,1
Worries: Anomalies,-35.89,0.3431,1
Observations: Forms,-36.31,0.3431,1
Worries: Friends,-36.41,0.3431,1
Quotations: Child,-36.72,0.3431,1
Worries: Changes,-36.91,0.3431,1
Fears: Discord,-37.38,0.3431,1
Observations: Laws or rules,-37.43,0.3431,1
Conflicts and disagreements: Society,-37.49,0.3431,1
Observations: Courses and sequences,-37.74,0.3431,1
Contingencies,-37.82,0.3431,1
Fears: Defeat,-37.87,0.3431,1
Childhood: Advice given,-38.04,0.3431,1
Childhood: Habits,-38.06,0.3431,1
Errors: Society,-38.13,0.3431,1
Language: Sobriquets,-38.3,0.3431,1
Suggestions and advice,-38.38,0.3431,1
Errors: Detection,-38.6,0.3431,1
Finest moments: Romantic,-38.63,0.3431,1
Tastes: Entertainment,-38.66,0.3431,1
Dreams: Causes,-38.67,0.3431,1
Fears: Menopause,-38.79,0.3431,1
Predictions and guesses: Other,-38.94,0.3431,1
Errors: Talking with children,-39.12,0.3431,1
Errors: Artists,-39.24,0.3431,1
Habits,-39.41,0.3431,1
Childhood: Health and ills,-39.77,0.3431,1
Observations: Examples,-40.13,0.3431,1
Finest moments: Success,-40.42,0.3431,1
Beliefs: Applications,-40.44,0.3431,1
Beliefs: Trends,-40.52,0.3431,1
Love: Solutions,-40.63,0.3431,1
Childhood: Advantages and disadvantages,-41.14,0.3431,1
Love: Benefits,-41.16,0.3431,1
Books: Other's,-41.45,0.3431,1
Fears: Children's,-41.53,0.3431,1
Errors: Making things,-41.59,0.3431,1
Childhood: Superstitions,-41.65,0.3431,1
Day's happenings: Pets,-41.66,0.3431,1
Corrections,-41.67,0.3431,1
Predictions and guesses: Form,-41.83,0.3431,1
Predictions and guesses: Structure,-41.9,0.3431,1
Conflicts and disagreements: Fact,-41.96,0.3431,1
Books: Essays,-41.97,0.3431,1
Worries: Protection,-42.02,0.3431,1
Conflicts and disagreements: Problem,-42.08,0.3431,1
Conflicts and disagreements: Course,-42.22,0.3431,1
Childhood: Reversals,-42.24,0.3431,1
Language: Catachreses,-42.25,0.3431,1
Love: Films,-42.27,0.3431,1
Worries: Trends and tendencies,-42.5,0.3431,1
Worries: Science and technology,-42.58,0.3431,1
Predictions and guesses: How much,-42.7,0.3431,1
Errors: Growing old,-42.77,0.3431,1
Films: Thoughts,-42.83,0.3431,1
Predictions and guesses: Means,-42.84,0.3431,1
Conflicts and disagreements: Self coworker,-42.88,0.3431,1
Worries: Effects,-42.89,0.3431,1
Predictions and guesses: Constant,-43.0,0.3431,1
Language: Solecisms,-43.07,0.3431,1
Books: Controversial,-43.12,0.3431,1
Conflicts and disagreements: Positions,-43.15,0.3431,1
Language: Abbreviations and acronyms,-43.15,0.3431,1
Worries: Capacities,-43.18,0.3431,1
Fears: Misdirection,-43.24,0.3431,1
Conflicts and disagreements: Ideal,-43.26,0.3431,1
Errors: Sports,-43.33,0.3431,1
Worries: Wrong approach,-43.41,0.3431,1
Worries: Superstitions,-43.47,0.3431,1
Appearances: Sky,-43.56,0.3431,1
Predictions and guesses: Role,-43.75,0.3431,1
Childhood: Moods,-43.87,0.3431,1
Vistas,-43.89,0.3431,1
Conflicts and disagreements: Transient,-44.13,0.3431,1
Childhood: Religion,-44.14,0.3431,1
Errors: Causes,-44.17,0.3431,1
Fears: Company's,-44.18,0.3431,1
Predictions and guesses: Effect,-44.37,0.3431,1
Reactions,-44.38,0.3431,1
Language: Books on,-44.42,0.3431,1
Conflicts and disagreements: Details,-44.44,0.3431,1
Ignorance,-44.5,0.3431,1
Childhood: Changes of residence,-44.83,0.3431,1
Books: Literary school,-44.87,0.3431,1
Fears: Waste,-44.89,0.3431,1
Fears: Stupidity,-44.9,0.3431,1
Dreams: Worst,-44.95,0.3431,1
Beliefs: Tests,-44.97,0.3431,1
Quotations: Comedian or jester,-45.0,0.3431,1
Films: Reviewed,-45.01,0.3431,1
Conflicts and disagreements: Explanation,-45.03,0.3431,1
Tastes: Styles,-45.04,0.3431,1
Language: Anagrams,-45.08,0.3431,1
Quotations: Movie,-45.09,0.3431,1
Childhood: Style,-45.15,0.3431,1
Attitudes,-45.18,0.3431,1
Things previously discussed: Corollaries,-45.21,0.3431,1
Conflicts and disagreements: Ranking,-45.24,0.3431,1
Books: Best or better,-45.41,0.3431,1
Worries: Language,-45.42,0.3431,1
Conflicts and disagreements: Goal,-45.43,0.3431,1
Observations: Confirmations,-45.51,0.3431,1
Day's happenings: Weather,-45.56,0.3431,1
Books: Classics,-45.56,0.3431,1
Books: Style,-45.62,0.3431,1
Childhood: Travel,-45.63,0.3431,1
Fears: Maximal,-45.82,0.3431,1
Errors: Analysis,-45.86,0.3431,1
Quotations: Gossip,-45.88,0.3431,1
Predictions and guesses: Parts,-45.91,0.3431,1
Things previously discussed: Solutions,-45.92,0.3431,1
Conflicts and disagreements: Child,-46.01,0.3431,1
Distant relatives,-46.14,0.3431,1
Errors: Character analysis,-46.14,0.3431,1
Observations: Weather,-46.18,0.3431,1
Rivalries: Companies,-46.2,0.3431,1
Conflicts and disagreements: Criticism,-46.29,0.3431,1
Appearances: Changes and transformations,-46.3,0.3431,1
Films: Acting,-46.41,0.3431,1
Wishes,-46.43,0.3431,1
Predictions and guesses: Where,-46.44,0.3431,1
Films: Ideas,-46.46,0.3431,1
Childhood: Roles,-46.48,0.3431,1
Books: Rankings,-46.49,0.3431,1
Films: Drama,-46.51,0.3431,1
Predictions and guesses: Order,-46.54,0.3431,1
Tastes: Countries,-46.57,0.3431,1
Errors: Psychoanalyzing,-46.59,0.3431,1
Day's happenings: Present event,-46.67,0.3431,1
Rivalries: Organizations,-46.73,0.3431,1
Errors: Scholars,-46.73,0.3431,1
Conflicts and disagreements: Classification,-46.76,0.3431,1
Quotations: Prophet,-46.87,0.3431,1
Childhood: Geography,-46.99,0.3431,1
Worries: Costs,-47.29,0.3431,1
Finest moments: Competition,-47.39,0.3431,1
Worries: Promises,-47.41,0.3431,1
Things previously discussed: Details,-47.41,0.3431,1
Tastes: Colors,-47.49,0.3431,1
Films: Realism,-47.51,0.3431,1
Observations: Timings,-47.58,0.3431,1
Beliefs: Abandoned,-47.65,0.3431,1
Rivalries: Intellectuals,-47.69,0.3431,1
Customs: Getting information,-47.7,0.3431,1
Language: Hard words,-47.71,0.3431,1
Books,-47.71,0.3431,1
Rivalries: Nations,-47.71,0.3431,1
Dislikes: Activities,-47.8,0.3431,1
Love: Degrees,-48.02,0.3431,1
Day's happenings: Conflicts,-48.05,0.3431,1
Predictions and guesses: Range,-48.09,0.3431,1
Predictions and guesses: Function,-48.1,0.3431,1
Conflicts and disagreements: Clerk,-48.21,0.3431,1
Errors: Perfectibility (sans),-48.27,0.3431,1
Dislikes: Situations,-48.29,0.3431,1
Errors: Application,-48.48,0.3431,1
Horrible experiences,-48.49,0.3431,1
Films: Seeable,-48.51,0.3431,1
Childhood: Fads,-48.62,0.3431,1
Day's happenings: Attitudes,-48.65,0.3431,1
Films: Greatest,-48.66,0.3431,1
Worries: Too late,-48.68,0.3431,1
Tastes: Smells,-48.71,0.3431,1
Errors: Classifying,-48.72,0.3431,1
Conflicts and disagreements: Imaginary,-48.88,0.3431,1
Day's happenings: Requests,-48.93,0.3431,1
Errors: Emulation,-49.04,0.3431,1
Errors: Taking tests,-49.05,0.3431,1
Appearances: Furniture,-49.11,0.3431,1
Conflicts and disagreements: Degree,-49.15,0.3431,1
Day's happenings: Elements,-49.21,0.3431,1
Predictions and guesses: Status,-49.26,0.3431,1
Errors: Relaxing,-49.29,0.3431,1
Observations: Appearances,-49.29,0.3431,1
Tastes: Services,-49.34,0.3431,1
Controversies,-49.44,0.3431,1
Language: Elocution,-49.52,0.3431,1
Quotations: Judge,-49.56,0.3431,1
Facts,-49.66,0.3431,1
Worries: News,-49.74,0.3431,1
Appearances: Anomalies,-49.77,0.3431,1
Books: Heard about,-49.91,0.3431,1
Worries: Perturbations,-50.0,0.3431,1
Fears: Boredom,-50.0,0.3431,1
Connex,-50.0,0.3431,1
Worries: Tasks,-50.0,0.3431,1
Conflicts and disagreements: With,-50.0,0.3431,1
Appearances: Best and worst,-50.08,0.3431,1
Films: Forthcoming,-50.19,0.3431,1
Errors: Life planning,-50.24,0.3431,1
Tastes: Periodicals,-50.28,0.3431,1
Appearances: Family,-50.3,0.3431,1
Childhood: Inabilities,-50.38,0.3431,1
Appearances: Pet or animal,-50.56,0.3431,1
Films: Continuities,-50.61,0.3431,1
Appearances: New,-50.63,0.3431,1
Films: Sequel,-50.75,0.3431,1
Worries: Irresponsibility,-50.78,0.3431,1
Circumstances,-50.79,0.3431,1
Appearances: Performance,-50.84,0.3431,1
Things previously discussed: Additions,-50.94,0.3431,1
Food,-50.95,0.3431,1
Rivalries: Groups,-51.12,0.3431,1
Errors: Grammar or syntax,-51.21,0.3431,1
Errors: Correction,-51.24,0.3431,1
Errors: Analogy,-51.26,0.3431,1
Errors: In fiction,-51.35,0.3431,1
Errors: Examination,-51.49,0.3431,1
Errors: Traveling,-51.62,0.3431,1
Day's happenings: Theories,-51.78,0.3431,1
Errors: Plant care,-52.03,0.3431,1
Conflicts and disagreements: Criticism of,-52.1,0.3431,1
Errors: Own,-52.13,0.3431,1
Things previously discussed: Other's reactions,-52.32,0.3431,1
Love: Lovers criticized,-52.41,0.3431,1
Worries: Competition,-52.42,0.3431,1
Dislikes,-52.75,0.3431,1
Quotations: Businessman,-52.85,0.3431,1
Appearances: Social event (eg dance or parade),-53.06,0.3431,1
Conflicts and disagreements: Of the other,-53.11,0.3431,1
Errors: Searching,-53.14,0.3431,1
Day's happenings,-53.18,0.3431,1
Errors: Professional,-53.26,0.3431,1
Changes: Academic,-53.74,0.3431,1
Effects,-53.9,0.3431,1
Observations: Deeds,-54.1,0.3431,1
Errors: Simplification,-54.11,0.3431,1
Language: Logomachy,-54.16,0.3431,1
Observations: Processions,-54.8,0.3431,1
Rivalries: Parents,-55.03,0.3431,1
Films: Old,-55.18,0.3431,1
Fears: Catastrophe,-55.45,0.3431,1
Predictions and guesses: Fallacy,-55.52,0.3431,1
Predictions and guesses: Whole,-55.66,0.3431,1
Appearances: Food,-55.67,0.3431,1
Errors: Using devices,-55.92,0.3431,1
Worries: Misconception,-57.14,0.3431,1
Predictions and guesses: Use,-57.59,0.3431,1
Conflicts and disagreements: Food,-58.16,0.3431,1
Predictions and guesses: Interference,-58.43,0.3431,1
Errors: Reforming,-58.55,0.3431,1
Observations: Conditions,-59.4,0.3431,1
Worries: Dangers and risks,-59.46,0.3431,1
Predictions and guesses: Assumption,-59.48,0.3431,1
Predictions and guesses: State,-59.5,0.3431,1
Language: Misuse,-59.78,0.3431,1
Day's happenings: Exertions,-60.53,0.3431,1
Errors: Uncertain or arguable,-61.24,0.3431,1
Beauty: Architectural,-61.56,0.3431,1
Worries: Creations,-61.66,0.3431,1
Conflicts and disagreements: Persistent,-61.72,0.3431,1
Childhood: Discipline,-61.8,0.3431,1
Predictions and guesses: Act,-61.99,0.3431,1
Worries: Unpreparedness,-62.26,0.3431,1
Tastes: Romances,-62.39,0.3431,1
Worries: Ignorance,-62.49,0.3431,1
Fears: Legal action,-62.6,0.3431,1
Observations: Trivia,-62.84,0.3431,1
Observations: Locations,-62.93,0.3431,1
Worries: Military,-63.07,0.3431,1
Language: Grammar,-63.62,0.3431,1
Customs: Parents,-63.64,0.3431,1
Conflicts and disagreements: Priority,-63.64,0.3431,1
People in general,-63.76,0.3431,1
Childhood: Jobs and duties,-63.95,0.3431,1
Needs,-64.08,0.3431,1
Clarifications,-64.3,0.3431,1
Day's happenings: Combination,-64.3,0.3431,1
Films: Cliches,-64.38,0.3431,1
Day's happenings: Recreation,-64.43,0.3431,1
Changes: Other person,-64.54,0.3431,1
Worries: Propriety,-64.72,0.3431,1
Books: Biographies,-64.83,0.3431,1
Fears: Refusal,-64.92,0.3431,1
Childhood: Luck,-64.93,0.3431,1
Day's happenings: The other's,-64.95,0.3431,1
Acts,-65.01,0.3431,1
Tastes: Outings,-65.03,0.3431,1
Changes: Eating,-65.15,0.3431,1
Fears: Error,-65.42,0.3431,1
Conflicts and disagreements: Teacher,-65.44,0.3431,1
Tasks,-65.49,0.3431,1
Films: Discrepancies,-65.49,0.3431,1
Childhood: Idols,-65.5,0.3431,1
Observations: Spouse,-65.52,0.3431,1
Errors: Diagnosis (fault finding),-65.54,0.3431,1
Fears: Poisoning,-65.56,0.3431,1
Changes: House layout,-65.57,0.3431,1
Childhood: Excesses,-65.65,0.3431,1
Conflicts and disagreements: Context,-65.77,0.3431,1
Day's happenings: School,-65.79,0.3431,1
Changes: Financial status,-65.96,0.3431,1
Travels,-66.1,0.3431,1
Quotations: Expert,-66.25,0.3431,1
Day's happenings: Social event,-66.34,0.3431,1
Worries: Duties,-66.35,0.3431,1
Fears: Imaginary,-66.42,0.3431,1
Conflicts and disagreements: When,-66.53,0.3431,1
Errors: Evaluation,-66.57,0.3431,1
Beauty: Painting,-66.77,0.3431,1
Day's happenings: Effect,-66.83,0.3431,1
Predictions and guesses: Need,-66.86,0.3431,1
Day's happenings: Status quo,-66.87,0.3431,1
Observations: Uses,-66.88,0.3431,1
Worries: Past,-66.94,0.3431,1
Predictions and guesses: Solution,-66.94,0.3431,1
Day's happenings: Reading,-66.98,0.3431,1
Childhood: Enemies,-66.99,0.3431,1
Day's happenings: Family,-67.03,0.3431,1
Errors: Compensation for,-67.04,0.3431,1
Books: Genres,-67.04,0.3431,1
Worries: Wear,-67.04,0.3431,1
Tastes: Flowers and plants,-67.08,0.3431,1
Tastes: Weekends,-67.11,0.3431,1
Errors: Industry,-67.22,0.3431,1
Day's happenings: Contexts,-67.23,0.3431,1
Beauty: Conduct,-67.32,0.3431,1
Errors: Maximal,-67.47,0.3431,1
Conflicts and disagreements: Policeman,-67.51,0.3431,1
Errors: Differentiation,-67.51,0.3431,1
Fundamentals,-67.52,0.3431,1
Changes: Place of residence,-67.61,0.3431,1
Customs: Entertainment,-67.71,0.3431,1
Day's happenings: Chain,-67.75,0.3431,1
Books: By same author,-67.77,0.3431,1
Errors: Filling out forms,-67.78,0.3431,1
Childhood: Social events,-67.86,0.3431,1
Quotations: Bible,-67.94,0.3431,1
Worries: Hubris,-67.99,0.3431,1
Quotations: Other person,-68.02,0.3431,1
Fears: Anarchy or chaos,-68.02,0.3431,1
Errors: Working,-68.05,0.3431,1
Rivalries: Colleagues,-68.07,0.3431,1
Conflicts and disagreements: Style,-68.07,0.3431,1
Customs: Traveling,-68.07,0.3431,1
Things previously discussed: Own reactions,-68.1,0.3431,1
Appearances: Wanted or needed,-68.1,0.3431,1
Appearances: Functions and reasons,-68.2,0.3431,1
Worries: The other person,-68.32,0.3431,1
Books: Period,-68.35,0.3431,1
Books: Achievements,-68.36,0.3431,1
Day's happenings: Difference,-68.42,0.3431,1
Language: Substitute,-68.43,0.3431,1
Appearances: Natural and artificial,-68.46,0.3431,1
Books: Bibliography,-68.48,0.3431,1
Conflicts and disagreements: Behavior,-68.51,0.3431,1
Books: Juvenile,-68.51,0.3431,1
Tastes: Social events,-68.57,0.3431,1
Observations: Arrangements,-68.58,0.3431,1
Jokes,-68.58,0.3431,1
Errors: Deduction,-68.6,0.3431,1
Day's happenings: Plans,-68.65,0.3431,1
Positions,-68.78,0.3431,1
Day's happenings: Society,-68.9,0.3431,1
Worries: Food,-68.92,0.3431,1
Errors: Architecture,-68.92,0.3431,1
Films: In production,-69.11,0.3431,1
Observations: Antagonism,-69.12,0.3431,1
Errors: Driving,-69.15,0.3431,1
Quotations: Idol,-69.16,0.3431,1
Dislikes: Foods,-69.17,0.3431,1
Tastes: Customs,-69.22,0.3431,1
Day's happenings: Self,-69.27,0.3431,1
Worries: Cons,-69.34,0.3431,1
Errors: Dangers and risks,-69.34,0.3431,1
Conflicts and disagreements: Dress,-69.42,0.3431,1
Films: Situations,-69.44,0.3431,1
One's faults and limitations,-69.54,0.3431,1
Errors: Dieting,-69.54,0.3431,1
Day's happenings: Asides,-69.57,0.3431,1
Fears: Degree,-69.61,0.3431,1
Changes: Problems,-69.64,0.3431,1
Day's happenings: Advice and suggestions,-69.73,0.3431,1
Errors: Cooking,-69.75,0.3431,1
Errors: Editing,-69.8,0.3431,1
Customs: Work,-69.85,0.3431,1
Quotations: Celebrities,-70.03,0.3431,1
Language: Synonyms,-70.09,0.3431,1
Errors: Instructing,-70.22,0.3431,1
Books: Sequels,-70.23,0.3431,1
Errors: Child raising,-70.3,0.3431,1
Films: Worst,-70.43,0.3431,1
Appearances: Plant,-70.49,0.3431,1
Day's happenings: Omissions,-70.55,0.3431,1
Beliefs: Religious,-70.55,0.3431,1
Errors: Musicianship,-70.56,0.3431,1
Day's happenings: Purchases,-70.6,0.3431,1
Day's happenings: News,-70.73,0.3431,1
Things previously discussed: Relationships,-70.76,0.3431,1
Beauty: Aspects,-70.85,0.3431,1
Errors: Calculating,-70.95,0.3431,1
Quotations: Teacher,-71.01,0.3431,1
Language: Situations,-71.02,0.3431,1
Fears: Accident,-71.05,0.3431,1
Quotations: Imaginary,-71.06,0.3431,1
Appearances: Artwork,-71.07,0.3431,1
Childhood: Clubs,-71.19,0.3431,1
Day's happenings: Details,-71.25,0.3431,1
Errors: Computer use,-71.37,0.3431,1
Quotations: Antagonist,-71.5,0.3431,1
Dislikes: Beliefs,-71.52,0.3431,1
Extraordinary individuals,-71.54,0.3431,1
Errors: Litigation,-71.67,0.3431,1
Worries: Travel,-71.71,0.3431,1
Predictions and guesses: Limit,-71.8,0.3431,1
Tastes: Yard,-71.88,0.3431,1
Day's happenings: Resources,-71.95,0.3431,1
Books: Libraries,-71.97,0.3431,1
Childhood: Obedience,-72.0,0.3431,1
Changes: Style,-72.02,0.3431,1
Errors: Competing,-72.03,0.3431,1
Dislikes: Causes,-72.06,0.3431,1
Books: Past,-72.06,0.3431,1
Dislikes: Philosophies,-72.08,0.3431,1
Films: Description,-72.16,0.3431,1
Customs: Study,-72.35,0.3431,1
Fears: Evil,-72.4,0.3431,1
Day's happenings: Losses and costs,-72.41,0.3431,1
Films: Successes and failures,-72.45,0.3431,1
School,-72.47,0.3431,1
Dislikes: Values,-72.57,0.3431,1
Errors: Imaginable,-72.73,0.3431,1
Errors: Arbitrating,-73.11,0.3431,1
Tastes: Cars,-73.22,0.3431,1
Errors: Eating,-73.25,0.3431,1
Appearances: Alternative comparisons,-73.27,0.3431,1
Worries: Misemphasis,-73.27,0.3431,1
Judgements of person and acts,-73.3,0.3431,1
Beauty: Maximal,-73.51,0.3431,1
Errors: Storing things,-73.71,0.3431,1
Dislikes: Morals,-73.81,0.3431,1
Beauty: Speech,-73.83,0.3431,1
Changes: Affiliations,-73.84,0.3431,1
Language: Literary criticism,-73.91,0.3431,1
Quotations: Blurb,-74.13,0.3431,1
Childhood: Homework,-74.18,0.3431,1
Tastes: Sports,-74.19,0.3431,1
Films: Special effects,-74.21,0.3431,1
Changes: Fashion,-74.21,0.3431,1
Language: Acrostics,-74.23,0.3431,1
Beliefs: Synthetic,-74.27,0.3431,1
Changes,-74.33,0.3431,1
Quotations: News media,-74.98,0.3431,1
Dislikes: Hypotheses,-74.98,0.3431,1
Beauty: Absolute,-75.05,0.3431,1
Childhood: Dress,-75.07,0.3431,1
Worries: Sordor,-75.1,0.3431,1
Appearances: Building,-75.94,0.3431,1
Errors: Bodily movement,-76.0,0.3431,1
Errors: Job selection,-76.19,0.3431,1
Language: Worst words,-76.28,0.3431,1
Dislikes: Present,-76.38,0.3431,1
Observations: Devices,-79.6,0.3431,1
Errors: Persuasion,-79.68,0.3431,1
Beliefs: Opponents',-80.68,0.3431,1
Day's happenings: Questions,-81.61,0.3431,1
Tastes: Stores,-82.25,0.3431,1
Errors: Defining,-82.61,0.3431,1
Errors: Reacting,-83.01,0.3431,1
Worries: Surprise,-83.28,0.3431,1
Books: Author,-84.24,0.3431,1
Worries: Logic,-84.55,0.3431,1
Appearances: Ambiguities,-84.88,0.3431,1
Quotations: Poem,-85.37,0.3431,1
Changes: Rank,-85.42,0.3431,1
Errors: Following instructions,-85.66,0.3431,1
Errors: Description,-85.97,0.3431,1
Errors: Feeling,-86.08,0.3431,1
Fears: Monsters,-86.53,0.3431,1
Errors: Aesthetic matters,-86.91,0.3431,1
Errors: Gesturing,-87.1,0.3431,1
Fears: Ugliness,-87.14,0.3431,1
Dislikes: Institutions,-87.18,0.3431,1
Observations: Contents,-87.67,0.3431,1
Language: Criticism,-87.83,0.3431,1
Day's happenings: Chronology,-88.04,0.3431,1
Books: Worst or worse,-88.17,0.3431,1
Errors: Writing and style,-88.29,0.3431,1
Errors: Erotic life,-88.3,0.3431,1
Observations: Dress or makeup,-88.42,0.3431,1
Day's happenings: Where,-88.45,0.3431,1
Books: Failures,-88.49,0.3431,1
Tastes: Charities,-88.67,0.3431,1
Errors: Summarizing,-88.8,0.3431,1
Errors: Debating,-88.81,0.3431,1
Tastes: Manners,-89.04,0.3431,1
Art,-89.22,0.3431,1
Language: Fads,-89.34,0.3431,1
Worries: Criticism,-89.38,0.3431,1
Day's happenings: Hazards,-89.45,0.3431,1
Childhood: Body,-89.54,0.3431,1
Finances,-89.57,0.3431,1
Errors: Guessing,-89.75,0.3431,1
Conflicts and disagreements: Religion,-89.96,0.3431,1
Errors: Children,-90.0,0.3431,1
Errors: Nutritional planning,-90.03,0.3431,1
Errors: Soliciting,-90.32,0.3431,1
Beauty: Importance,-90.32,0.3431,1
Day's happenings: Annoyances or frustrations,-90.4,0.3431,1
Day's happenings: Ignorance,-90.46,0.3431,1
Tastes: Dress,-90.49,0.3431,1
Options,-90.59,0.3431,1
Changes: Appearance,-90.59,0.3431,1
Observations: Manners,-90.64,0.3431,1
Day's happenings: Tasks and chores,-90.67,0.3431,1
Customs: Church,-90.82,0.3431,1
Proof,-90.87,0.3431,1
Books: Treatises,-91.04,0.3431,1
Customs: Wilderness,-91.22,0.3431,1
Errors: Narration,-91.25,0.3431,1
Trends,-91.3,0.3431,1
Errors: Typing,-91.33,0.3431,1
Language: Slogans,-91.35,0.3431,1
Worries: Tastes,-91.36,0.3431,1
Things previously discussed: Denouement,-91.37,0.3431,1
Errors: House work,-91.38,0.3431,1
Quotations: Doctor,-91.63,0.3431,1
Errors: Unknown,-91.73,0.3431,1
Beauty: Body,-91.77,0.3431,1
Errors: Outings,-91.81,0.3431,1
Errors: Celebrities,-91.82,0.3431,1
Requests,-91.82,0.3431,1
Opinions,-91.86,0.3431,1
Language: Jargon,-91.91,0.3431,1
Dislikes: Professions,-92.01,0.3431,1
Worries: Appearance,-92.02,0.3431,1
Tastes: Politics,-92.17,0.3431,1
Things previously discussed: Why discussed,-92.21,0.3431,1
Day's happenings: What,-92.22,0.3431,1
Tastes: Famous persons,-92.51,0.3431,1
Errors: Accounting,-92.51,0.3431,1
Day's happenings: Hierarchy,-92.52,0.3431,1
Rankings,-92.54,0.3431,1
Beliefs: Political,-92.71,0.3431,1
Errors: Interior design,-92.73,0.3431,1
Changes: Wants,-92.8,0.3431,1
Quotations: Boss,-92.8,0.3431,1
Childhood: School subjects,-92.81,0.3431,1
Day's happenings: Criticism,-92.87,0.3431,1
Day's happenings: Threats,-92.87,0.3431,1
Language: Word lists,-92.91,0.3431,1
Tastes: Newspapers,-92.99,0.3431,1
Customs: Parties,-93.05,0.3431,1
Tastes: Pets,-93.05,0.3431,1
Dislikes: Animals,-93.22,0.3431,1
References,-93.29,0.3431,1
Childhood: Romance,-93.31,0.3431,1
Customs: Walking,-93.62,0.3431,1
Appearances: Causes and bases,-93.63,0.3431,1
Childhood: Fights and conflicts,-93.9,0.3431,1
Dislikes: Remarks,-93.92,0.3431,1
Things previously discussed,-94.04,0.3431,1
Worries: Antagonism,-94.09,0.3431,1
Films: Location and setting,-94.11,0.3431,1
Tastes: Tourism,-94.15,0.3431,1
Dislikes: Religion,-94.15,0.3431,1
Dislikes: Classes,-94.16,0.3431,1
Rivalries: Celebrities,-94.36,0.3431,1
Beauty: Face,-94.73,0.3431,1
Errors: Preparing,-94.96,0.3431,1
Appearances: Differences,-95.0,0.3431,1
Dislikes: Means,-95.02,0.3431,1
Language: Handwriting and graphology,-95.22,0.3431,1
Errors: Toasting,-95.52,0.3431,1
Errors: Vacationing,-96.13,0.3431,1
Day's happenings: Shopping,-96.23,0.3431,1
Appearances: Types and taxonomy,-96.32,0.3431,1
Propriety,-96.38,0.3431,1
Errors: Comparisons,-96.69,0.3431,1
Homelife,-96.8,0.3431,1
Appearances: Systems,-97.21,0.3431,1
Errors: Hobbies,-97.47,0.3431,1
Appearances: Dimensions and aspects,-97.56,0.3431,1
Complaints,-97.62,0.3431,1
Love: Predictions,-98.29,0.3431,1
Dislikes: Subjects,-98.3,0.3431,1
Observations: Quantities,-98.44,0.3431,1
Appearances: Passersby,-98.47,0.3431,1
Beliefs: Rank,-98.51,0.3431,1
Things previously discussed: Omissions,-99.14,0.3431,1
Errors: Conversing,-101.41,0.3431,1
Quotations: Father,-102.8,0.3431,1
Day's happenings: Expectations,-103.24,0.3431,1
Errors: Absence of,-103.7,0.3431,1
Criticisms,-104.24,0.3431,1
Books: Books history,-104.37,0.3431,1
Assertions,-106.37,0.3431,1
Fears: Bad luck,-106.79,0.3431,1
Society,-107.15,0.3431,1
Beauty: Ugliness,-107.34,0.3431,1
Childhood: Manners and tact,-107.48,0.3431,1
Finest moments: Exertion,-107.6,0.3431,1
Beliefs: Authorities',-108.62,0.3431,1
Fears: Impotence,-109.27,0.3431,1
Day's happenings: Spectrum,-109.74,0.3431,1
Changes: Possessions,-109.82,0.3431,1
Quotations: Critic or reviewer,-110.19,0.3431,1
Appearances: Old,-110.64,0.3431,1
Language: Scientific terminology,-110.86,0.3431,1
Dislikes: Details,-110.92,0.3431,1
Rivalries: With the other person,-110.97,0.3431,1
Religion,-111.01,0.3431,1
Day's happenings: Situations,-111.09,0.3431,1
Language: Labels (tags),-111.3,0.3431,1
Worries: Irrelevance,-111.74,0.3431,1
Errors: Reading,-111.77,0.3431,1
Day's happenings: Gussin (?),-111.85,0.3431,1
Customs: Shopping,-112.02,0.3431,1
Tactics,-112.04,0.3431,1
Worries: Dislikes,-112.13,0.3431,1
Worries: Rumors,-112.32,0.3431,1
Errors: Proving,-112.49,0.3431,1
Errors: Imitation,-112.57,0.3431,1
Tastes: Organizations and clubs,-112.59,0.3431,1
Appearances: City or country,-112.61,0.3431,1
Day's happenings: Offers and proposals,-112.8,0.3431,1
Errors: Cleaning,-112.89,0.3431,1
Methods,-113.01,0.3431,1
Errors: Coordinating,-113.17,0.3431,1
Errors: Criticism,-113.19,0.3431,1
Predictions and guesses: Not,-113.23,0.3431,1
Errors: Hosting parties,-113.31,0.3431,1
Quotations: Athlete,-113.32,0.3431,1
Appearances: Content or parts,-113.48,0.3431,1
Tastes: Night life,-113.52,0.3431,1
Errors: Spouse,-113.73,0.3431,1
Appearances,-113.76,0.3431,1
Errors: Pronunciation,-113.76,0.3431,1
Day's happenings: Degree,-113.91,0.3431,1
Errors: Religious matters,-114.0,0.3431,1
Beauty: Types,-114.04,0.3431,1
Films: Illusions,-114.05,0.3431,1
Worries: Stupidity,-114.05,0.3431,1
Appearances: Landscape,-114.07,0.3431,1
Tastes: Churches,-114.23,0.3431,1
Tastes: Houses,-114.34,0.3431,1
Dreams: Other's,-114.48,0.3431,1
Books: Bought,-114.55,0.3431,1
Errors: Sleeping,-114.55,0.3431,1
Conflicts and disagreements: Boss,-114.56,0.3431,1
Customs: Daily agenda,-114.56,0.3431,1
Tastes: Social classes,-114.57,0.3431,1
Worries: Meetings,-114.58,0.3431,1
Errors: Cultivating friends,-114.62,0.3431,1
Errors: Home upkeep,-114.64,0.3431,1
Errors: Exercising,-114.87,0.3431,1
Worries: Dress,-114.9,0.3431,1
Language: Baby talk and juvenile,-115.02,0.3431,1
Quotations: Correspondent,-115.05,0.3431,1
Tastes: Television,-115.07,0.3431,1
Appearances: Chronology,-115.12,0.3431,1
Errors: Applying makeup,-115.46,0.3431,1
Worries: Rules,-115.46,0.3431,1
Appearances: House,-115.74,0.3431,1
Conditions,-115.87,0.3431,1
Appearances: Place,-115.91,0.3431,1
Day's happenings: Bads,-115.92,0.3431,1
Dislikes: Methods,-115.95,0.3431,1
Day's happenings: Blame or credit,-115.99,0.3431,1
Dislikes: Places,-116.18,0.3431,1
Manners,-116.22,0.3431,1
Dislikes: Events,-116.28,0.3431,1
Quotations: Consultant,-116.38,0.3431,1
Day's happenings: Wrongs,-116.47,0.3431,1
Errors: Drawing,-116.7,0.3431,1
Errors: Answering,-116.76,0.3431,1
Appearances: Handwriting,-116.83,0.3431,1
Dislikes: Politics,-116.87,0.3431,1
Day's happenings: Stresses and strains,-116.88,0.3431,1
Errors: Punishment,-117.14,0.3431,1
Observations: State,-117.17,0.3431,1
Language: Antonyms,-117.2,0.3431,1
Causes,-117.24,0.3431,1
Instructions,-117.5,0.3431,1
Dislikes: Trends,-117.62,0.3431,1
Day's happenings: Work,-117.69,0.3431,1
Appearances: Structure,-118.14,0.3431,1
Worries: Punishment,-118.5,0.3431,1
Appearances: Importance,-118.8,0.3431,1
Dislikes: Films,-118.83,0.3431,1
Tastes: Knickknackery,-119.66,0.3431,1
Dislikes: Duties,-120.44,0.3431,1
Day's happenings: Tests checks and experiments,-125.08,0.3431,1
Worries: Premature,-126.36,0.3431,1
Conclusions,-126.84,0.3431,1
Errors: Degree,-127.79,0.3431,1
Childhood: Punishment,-129.88,0.3431,1
Changes: Duties,-130.03,0.3431,1
Tastes: Parties,-130.11,0.3431,1
Tastes: Commercial goods,-130.73,0.3431,1
Worries: House,-131.32,0.3431,1
Films: Types,-131.35,0.3431,1
Beliefs: Military,-131.36,0.3431,1
Errors: Listening to music,-131.46,0.3431,1
Tastes: Schools,-131.91,0.3431,1
Quotations,-131.98,0.3431,1
Means,-132.41,0.3431,1
Dislikes: Future,-133.42,0.3431,1
Errors: Minimal,-133.7,0.3431,1
Errors: Letter writing,-133.73,0.3431,1
The calendar,-133.88,0.3431,1
Appearances: Neighborhood,-134.02,0.3431,1
Appearances: Disease symptom,-134.08,0.3431,1
Appearances: Acquaintances,-134.21,0.3431,1
Dislikes: Entertainment,-134.57,0.3431,1
Quotations: Politician,-134.63,0.3431,1
Errors: Handwriting,-134.9,0.3431,1
Acquaintances,-135.33,0.3431,1
Errors: Shopping,-135.4,0.3431,1
Errors: Dancing,-135.59,0.3431,1
Appearances: Likes and dislikes,-135.85,0.3431,1
Errors: Playing,-136.54,0.3431,1
Changes: Dress,-136.62,0.3431,1
Errors: Insulting,-136.69,0.3431,1
Errors: Personal hygiene,-136.7,0.3431,1
Errors: Using services,-136.71,0.3431,1
Errors: Recreation,-136.74,0.3431,1
Dislikes: Music,-137.17,0.3431,1
Tastes: Professionals,-137.18,0.3431,1
Appearances: The other person,-137.47,0.3431,1
Costs,-137.56,0.3431,1
Dislikes: Past,-137.64,0.3431,1
Errors: Recitation,-137.67,0.3431,1
Dislikes: Nature,-138.06,0.3431,1
Errors: Fighting,-138.08,0.3431,1
Errors: Yard work,-138.25,0.3431,1
Errors: Spelling,-138.49,0.3431,1
Worries: Complaints,-138.82,0.3431,1
Things previously discussed: Corrections,-139.83,0.3431,1
Dislikes: Concepts,-140.18,0.3431,1
Errors: Military,-140.22,0.3431,1
Dislikes: Weather,-140.85,0.3431,1
One's locale,-146.92,0.3431,1
Films: Preview,-147.91,0.3431,1
Changes: Celebrities,-149.38,0.3431,1
Errors: Scheduling,-152.56,0.3431,1
Worries: Weather,-152.76,0.3431,1
Last year,-153.07,0.3431,1
Possessions,-153.11,0.3431,1
Quotations: Coworker,-153.79,0.3431,1
Appearances: Self,-154.0,0.3431,1
Customs,-154.05,0.3431,1
Quotations: Authorities,-154.49,0.3431,1
Beauty: False,-155.65,0.3431,1
Beliefs: Orthodox,-156.1,0.3431,1
Appearances: Body,-156.62,0.3431,1
Appearances: Resemblances,-156.89,0.3431,1
Appearances: Extremes,-157.29,0.3431,1
Appearances: Celebrities,-157.78,0.3431,1
Tastes: Furniture,-158.06,0.3431,1
Appearances: Dress,-158.29,0.3431,1
Errors: Excuses,-158.46,0.3431,1
Dislikes: Art,-158.94,0.3431,1
Dislikes: Topics,-158.96,0.3431,1
Stupidity,-159.13,0.3431,1
Dislikes: Organizations,-159.26,0.3431,1
Errors: Other person's,-159.34,0.3431,1
Dislikes: Types,-159.35,0.3431,1
Changes: Weather,-159.37,0.3431,1
Appearances: Device,-159.45,0.3431,1
Dislikes: Individuals,-160.54,0.3431,1
Idols,-161.94,0.3431,1
Work,-168.07,0.3431,1
Errors: Past,-168.67,0.3431,1
Meetings,-169.06,0.3431,1
Nonsense,-169.23,0.3431,1
Fights,-173.22,0.3431,1
Worries: Possessions,-174.25,0.3431,1
Books: Manuals,-174.6,0.3431,1
Errors,-175.04,0.3431,1
Tastes: Perfumes and cosmetics,-175.13,0.3431,1
Rivalries: Spouse,-176.21,0.3431,1
Errors: Choosing cooks,-176.22,0.3431,1
Dislikes: Friends,-177.2,0.3431,1
Appearances: Signs,-177.41,0.3431,1
Dislikes: Devices,-177.97,0.3431,1
Rumors,-178.6,0.3431,1
Dislikes: Customs,-179.94,0.3431,1
Quotations: Imitative,-180.13,0.3431,1
Enemies,-180.17,0.3431,1
Day's happenings: Meetings,-180.17,0.3431,1
Dislikes: Family,-180.96,0.3431,1
Errors: Cursing,-181.55,0.3431,1
Errors: Accusing,-192.91,0.3431,1
Appearances: Defects,-195.61,0.3431,1
Dislikes: The other,-198.29,0.3431,1
Dislikes: Styles,-198.75,0.3431,1
Politics,-201.05,0.3431,1
Errors: Dressing,-201.78,0.3431,1
Appearances: Face,-202.36,0.3431,1
Errors: Sewing,-214.44,0.3431,1
Dislikes: Groups,-218.84,0.3431,1
Dislikes: Ends,-235.99,0.3431,1
Dislikes: Books,-237.32,0.3431,1
Errors: Funereal,-240.61,0.3431,1
